row number,USRN ID,Street Name,Authority Name,Administrative area,Town,Links
69795,usrn44100168,AYLESBURY CRESCENT,Wigan,WIGAN,HINDLEY GREEN,['osgb4000000009215507']
69861,usrn44100587,CARLTON GROVE,Wigan,WIGAN,HINDLEY GREEN,"['osgb4000000009217571', 'osgb4000000009688748']"
69868,usrn44100621,CEDAR AVENUE,Wigan,WIGAN,HINDLEY GREEN,['osgb4000000009217277']
69897,usrn44100795,COLWYN DRIVE,Wigan,WIGAN,HINDLEY GREEN,"['osgb4000000009215508', 'osgb4000000009215558', 'osgb4000000009215561', 'osgb4000000009215562', 'osgb4000000009688786']"
69945,usrn44101109,EDGEWORTH ROAD,Wigan,WIGAN,HINDLEY GREEN,"['osgb4000000009217138', 'osgb4000000009217306', 'osgb4000000009724514', 'osgb4000000009724515']"
70123,usrn44102014,LIME GROVE,Wigan,WIGAN,HINDLEY GREEN,['osgb4000000009217562']
70202,usrn44102482,ORGAN STREET,Wigan,WIGAN,HINDLEY GREEN,['osgb4000000009217333']
70240,usrn44102773,RICHMOND ROAD,Wigan,WIGAN,HINDLEY GREEN,"['osgb4000000009217305', 'osgb4000000009217308', 'osgb4000000009217310', 'osgb5000005181124401']"
70338,usrn44103277,THE OAKLINGS,Wigan,WIGAN,HINDLEY GREEN,['osgb4000000009217563']
70357,usrn44103351,TREGARON GROVE,Wigan,WIGAN,HINDLEY GREEN,['osgb4000000009217576']
70388,usrn44103615,WILLOW DRIVE,Wigan,WIGAN,HINDLEY GREEN,"['osgb4000000009217280', 'osgb4000000009217561']"
70399,usrn44103676,WOOD STREET,Wigan,WIGAN,HINDLEY GREEN,"['osgb4000000009217584', 'osgb5000005181124383']"
70439,usrn44103902,DALKEITH ROAD,Wigan,WIGAN,HINDLEY GREEN,"['osgb4000000009217362', 'osgb4000000009217363', 'osgb4000000009217623']"
70440,usrn44103904,ASHDALE ROAD,Wigan,WIGAN,HINDLEY GREEN,['osgb4000000009217622']
70441,usrn44103910,LONGHURST ROAD,Wigan,WIGAN,HINDLEY GREEN,"['osgb4000000009217110', 'osgb4000000009217300', 'osgb4000000009217591']"
70443,usrn44103917,WELLFIELD ROAD,Wigan,WIGAN,HINDLEY GREEN,"['osgb4000000009217611', 'osgb4000000009217614', 'osgb4000000009217748']"
70444,usrn44103921,TAVISTOCK ROAD,Wigan,WIGAN,HINDLEY GREEN,['osgb4000000009217111']
70449,usrn44103940,LUDLOW AVENUE,Wigan,WIGAN,HINDLEY GREEN,"['osgb4000000009217321', 'osgb4000000009217325', 'osgb4000000009217328', 'osgb4000000009217329', 'osgb4000000009217840']"
70450,usrn44103943,SKIPTON AVENUE,Wigan,WIGAN,HINDLEY GREEN,['osgb4000000009217324']
70451,usrn44103948,REGABY GROVE,Wigan,WIGAN,HINDLEY GREEN,"['osgb4000000009217649', 'osgb4000000009748439', 'osgb4000000009748442']"
70452,usrn44103950,DALBY ROAD,Wigan,WIGAN,HINDLEY GREEN,"['osgb4000000009217382', 'osgb4000000009527108', 'osgb4000000009527162']"
70453,usrn44103951,GLENMAYE GROVE,Wigan,WIGAN,HINDLEY GREEN,"['osgb4000000009217641', 'osgb4000000009527112', 'osgb4000000009527113']"
70454,usrn44103954,DORSTONE CLOSE,Wigan,WIGAN,HINDLEY GREEN,"['osgb4000000009217373', 'osgb4000000009527109', 'osgb4000000009527163']"
70455,usrn44103962,ATHOL CRESCENT,Wigan,WIGAN,HINDLEY GREEN,"['osgb4000000009217330', 'osgb4000000009217331', 'osgb5000005181124419', 'osgb5000005185202845']"
70456,usrn44103967,WINDSOR GROVE,Wigan,WIGAN,HINDLEY GREEN,['osgb4000000009217337']
70523,usrn44104451,COAL PIT LANE,Wigan,WIGAN,HINDLEY GREEN,"['osgb4000000009215620', 'osgb4000000009527052']"
70722,usrn44120767,RIDGEWOOD CLOSE,Wigan,WIGAN,HINDLEY GREEN,"['osgb4000000009527015', 'osgb4000000009527097', 'osgb4000000009527152']"
70838,usrn44121622,MEADOW FIELD,Wigan,WIGAN,HINDLEY GREEN,"['osgb4000000009663657', 'osgb4000000009663658']"
70839,usrn44121623,LONGACRE,Wigan,WIGAN,HINDLEY GREEN,['osgb4000000009663654']
70840,usrn44121624,HEATHLEA GARDENS,Wigan,WIGAN,HINDLEY GREEN,"['osgb4000000009663659', 'osgb4000000009663662', 'osgb4000000009663666']"
166978,usrn44100237,BEAUMARIS ROAD,Wigan,WIGAN,HINDLEY GREEN,"['osgb4000000009217309', 'osgb4000000009217311']"
167145,usrn44101479,HALESFIELD,Wigan,WIGAN,HINDLEY GREEN,['osgb4000000009215556']
167187,usrn44101790,JUNIPER DRIVE,Wigan,WIGAN,HINDLEY GREEN,"['osgb4000000009217557', 'osgb4000000009217558']"
167283,usrn44102634,POPLAR GROVE,Wigan,WIGAN,HINDLEY GREEN,['osgb4000000009215651']
167352,usrn44103264,THE BRAES,Wigan,WIGAN,HINDLEY GREEN,['osgb5000005181124384']
167427,usrn44103915,GRASSCROFT ROAD,Wigan,WIGAN,HINDLEY GREEN,['osgb4000000009217163']
167429,usrn44103949,GRENABY AVENUE,Wigan,WIGAN,HINDLEY GREEN,"['osgb4000000009217647', 'osgb4000000009527110', 'osgb4000000009527111']"
167430,usrn44103952,BALDRINE DRIVE,Wigan,WIGAN,HINDLEY GREEN,['osgb4000000009217639']
167431,usrn44103956,BRIAR CLOSE,Wigan,WIGAN,HINDLEY GREEN,"['osgb4000000009217165', 'osgb4000000009217758', 'osgb4000000009217818']"
167432,usrn44103971,SEVERN DRIVE,Wigan,WIGAN,HINDLEY GREEN,"['osgb4000000009217343', 'osgb4000000009217602', 'osgb4000000009217603', 'osgb4000000009217745']"
167433,usrn44103975,LAUNCESTON ROAD,Wigan,WIGAN,HINDLEY GREEN,['osgb4000000009221016']
167495,usrn44104460,GLEBE STREET,Wigan,WIGAN,HINDLEY GREEN,['osgb4000000009215625']
167637,usrn44120677,BOTESWORTH CLOSE,Wigan,WIGAN,HINDLEY GREEN,['osgb4000000009526998']
167638,usrn44120678,CARVILLE GROVE,Wigan,WIGAN,HINDLEY GREEN,"['osgb4000000009526996', 'osgb4000000009527077', 'osgb4000000009527078']"
167647,usrn44120760,CROSSFIELD DRIVE,Wigan,WIGAN,HINDLEY GREEN,"['osgb4000000009526983', 'osgb4000000009527012', 'osgb4000000009527020', 'osgb4000000009527060', 'osgb4000000009527094', 'osgb4000000009527095', 'osgb4000000009527148']"
167648,usrn44120761,ELLERGREEN ROAD,Wigan,WIGAN,HINDLEY GREEN,"['osgb4000000009526987', 'osgb4000000009527013']"
167649,usrn44120763,HARVEST WAY,Wigan,WIGAN,HINDLEY GREEN,"['osgb4000000009526986', 'osgb4000000009527016', 'osgb4000000009527096', 'osgb4000000009527151']"
167650,usrn44120764,LEVENGREAVE CLOSE,Wigan,WIGAN,HINDLEY GREEN,"['osgb4000000009526988', 'osgb4000000009652904', 'osgb4000000009652908']"
167651,usrn44120768,SYKEFIELD CLOSE,Wigan,WIGAN,HINDLEY GREEN,"['osgb4000000009527058', 'osgb4000000009652902', 'osgb4000000009652903']"
167771,usrn44121476,CROYDE CLOSE,Wigan,WIGAN,HINDLEY GREEN,"['osgb4000000009526990', 'osgb4000000009527153', 'osgb4000000009527154', 'osgb5000005185202861']"
265782,usrn44100553,CAMBOURNE DRIVE,Wigan,WIGAN,HINDLEY GREEN,"['osgb4000000009215495', 'osgb4000000009219024']"
265938,usrn44101573,HEATHLEA,Wigan,WIGAN,HINDLEY GREEN,"['osgb4000000009215557', 'osgb4000000009215630', 'osgb4000000009215650', 'osgb4000000009215657', 'osgb4000000009527093', 'osgb4000000009527145', 'osgb4000000009527147', 'osgb4000000009663660']"
266114,usrn44102710,RADNOR CLOSE,Wigan,WIGAN,HINDLEY GREEN,['osgb4000000009217273']
266261,usrn44103901,ARNSIDE ROAD,Wigan,WIGAN,HINDLEY GREEN,"['osgb4000000009217374', 'osgb4000000009217634', 'osgb4000000009217640']"
266262,usrn44103906,HAMILTON ROAD,Wigan,WIGAN,HINDLEY GREEN,['osgb4000000009217353']
266263,usrn44103907,CONWAY ROAD,Wigan,WIGAN,HINDLEY GREEN,"['osgb4000000009217156', 'osgb4000000009217299', 'osgb4000000009217351', 'osgb4000000009217610']"
266264,usrn44103908,KENILWORTH DRIVE,Wigan,WIGAN,HINDLEY GREEN,"['osgb4000000009217155', 'osgb4000000009217292', 'osgb4000000009217570', 'osgb5000005181124407']"
266265,usrn44103916,MEADOWSIDE ROAD,Wigan,WIGAN,HINDLEY GREEN,['osgb4000000009217352']
266268,usrn44103941,MALVERN AVENUE,Wigan,WIGAN,HINDLEY GREEN,"['osgb4000000009217318', 'osgb4000000009217801', 'osgb4000000009217832']"
266269,usrn44103944,HARLECH AVENUE,Wigan,WIGAN,HINDLEY GREEN,['osgb4000000009217594']
266270,usrn44103953,CRANSTAL DRIVE,Wigan,WIGAN,HINDLEY GREEN,"['osgb4000000009217378', 'osgb4000000009217381', 'osgb4000000009217646', 'osgb4000000009217648', 'osgb4000000009217761']"
266271,usrn44103960,ORMSIDE CLOSE,Wigan,WIGAN,HINDLEY GREEN,['osgb4000000009217348']
266272,usrn44103961,WETHERAL CLOSE,Wigan,WIGAN,HINDLEY GREEN,['osgb4000000009217154']
266273,usrn44103963,ASHLEY ROAD,Wigan,WIGAN,HINDLEY GREEN,"['osgb4000000009217314', 'osgb4000000009217585', 'osgb4000000009217737', 'osgb4000000009217738', 'osgb4000000009217739', 'osgb4000000009527056']"
266274,usrn44103968,STUART AVENUE,Wigan,WIGAN,HINDLEY GREEN,['osgb4000000009217151']
266275,usrn44103972,MERSEY CLOSE,Wigan,WIGAN,HINDLEY GREEN,['osgb4000000009217344']
266276,usrn44103973,TRENT DRIVE,Wigan,WIGAN,HINDLEY GREEN,['osgb4000000009217347']
266277,usrn44103974,CALDER AVENUE,Wigan,WIGAN,HINDLEY GREEN,['osgb4000000009217345']
266278,usrn44103976,PEMBROKE ROAD,Wigan,WIGAN,HINDLEY GREEN,"['osgb4000000009217334', 'osgb4000000009221017']"
266314,usrn44104210,BANKHALL CLOSE,Wigan,WIGAN,HINDLEY GREEN,['osgb4000000009215645']
266372,usrn44104470,KIRKPATRICK STREET,Wigan,WIGAN,HINDLEY GREEN,['osgb4000000009217736']
266383,usrn44104502,WEST STREET,Wigan,WIGAN,HINDLEY GREEN,['osgb4000000009217581']
266384,usrn44104503,WALLS STREET,Wigan,WIGAN,HINDLEY GREEN,['osgb4000000009215624']
266429,usrn44104911,GREENBANK,Wigan,WIGAN,HINDLEY GREEN,"['osgb4000000009217580', 'osgb4000000009748437']"
266557,usrn44120765,PENSWICK ROAD,Wigan,WIGAN,HINDLEY GREEN,"['osgb4000000009526985', 'osgb4000000009527011', 'osgb4000000009527018', 'osgb4000000009527019', 'osgb4000000009647367', 'osgb4000000009652905', 'osgb4000000009652909', 'osgb4000000009688731']"
266558,usrn44120769,WITHINLEA CLOSE,Wigan,WIGAN,HINDLEY GREEN,"['osgb4000000009526984', 'osgb4000000009652901', 'osgb4000000009652907']"
266716,usrn44121702,BOWLING WOOD,Wigan,WIGAN,HINDLEY GREEN,['osgb4000000009716041']
266733,usrn44121811,HANCOCK CLOSE,Wigan,WIGAN,HINDLEY GREEN,['osgb5000005119359438']
368909,usrn44100541,CAERNARVON ROAD,Wigan,WIGAN,HINDLEY GREEN,['osgb4000000009217575']
369189,usrn44102930,SARAH STREET,Wigan,WIGAN,HINDLEY GREEN,"['osgb4000000009215559', 'osgb4000000009713896']"
369201,usrn44103035,SLACKEY FOLD,Wigan,WIGAN,HINDLEY GREEN,['osgb4000000009215647']
369334,usrn44103899,YEALAND GROVE,Wigan,WIGAN,HINDLEY GREEN,['osgb4000000009217376']
369335,usrn44103900,CARNFORTH AVENUE,Wigan,WIGAN,HINDLEY GREEN,"['osgb4000000009217635', 'osgb4000000009217636', 'osgb4000000009217637']"
369336,usrn44103905,SILVERDALE ROAD,Wigan,WIGAN,HINDLEY GREEN,"['osgb4000000009217612', 'osgb4000000009688741', 'osgb4000000009688762']"
369337,usrn44103909,STIRLING ROAD,Wigan,WIGAN,HINDLEY GREEN,['osgb4000000009217298']
369338,usrn44103911,RUABON CRESCENT,Wigan,WIGAN,HINDLEY GREEN,['osgb4000000009217112']
369339,usrn44103920,TINTAGEL ROAD,Wigan,WIGAN,HINDLEY GREEN,"['osgb4000000009217162', 'osgb4000000009217368']"
369340,usrn44103922,WEYMOUTH DRIVE,Wigan,WIGAN,HINDLEY GREEN,['osgb4000000009217164']
369343,usrn44103938,ASHFIELD AVENUE,Wigan,WIGAN,HINDLEY GREEN,"['osgb4000000009217297', 'osgb4000000009217572', 'osgb4000000009217732', 'osgb4000000009217733', 'osgb4000000009217734', 'osgb4000000009217735', 'osgb4000000009217799', 'osgb5000005181124399']"
369344,usrn44103939,BEECHFIELD AVENUE,Wigan,WIGAN,HINDLEY GREEN,['osgb4000000009217296']
369345,usrn44103942,HAWTHORN AVENUE,Wigan,WIGAN,HINDLEY GREEN,"['osgb4000000009217319', 'osgb4000000009217323', 'osgb4000000009217592', 'osgb4000000009527210', 'osgb5000005200196824']"
369346,usrn44103946,LAUREL CRESCENT,Wigan,WIGAN,HINDLEY GREEN,['osgb4000000009217320']
369347,usrn44103957,WESTLAKE GROVE,Wigan,WIGAN,HINDLEY GREEN,['osgb4000000009217332']
369348,usrn44103966,BLAIR AVENUE,Wigan,WIGAN,HINDLEY GREEN,"['osgb4000000009217335', 'osgb4000000009217338', 'osgb5000005185202848']"
369349,usrn44103970,TAYLOR GROVE,Wigan,WIGAN,HINDLEY GREEN,['osgb4000000009217598']
369350,usrn44103977,HEATH GARDENS,Wigan,WIGAN,HINDLEY GREEN,"['osgb4000000009221013', 'osgb4000000009221014']"
369499,usrn44120704,BETHANY MEWS,Wigan,WIGAN,HINDLEY GREEN,['osgb4000000009527076']
369501,usrn44120730,HARBROOK GROVE,Wigan,WIGAN,HINDLEY GREEN,"['osgb4000000009215552', 'osgb4000000009527009', 'osgb4000000009527090']"
369508,usrn44120766,POOLBANK CLOSE,Wigan,WIGAN,HINDLEY GREEN,"['osgb4000000009527017', 'osgb4000000009527149', 'osgb4000000009527150']"
562418,usrn44122089,HINDLEY ROAD,Wigan,WIGAN,HINDLEY GREEN,['osgb5000005223876142']
664802,usrn44101082,EAST STREET,Wigan,WIGAN,HINDLEY GREEN,['osgb4000000009217579']
664820,usrn44101521,HARRISON STREET,Wigan,WIGAN,HINDLEY GREEN,"['osgb4000000009217313', 'osgb5000005181124386']"
664893,usrn44103305,THOMAS STREET,Wigan,WIGAN,HINDLEY GREEN,"['osgb4000000009215560', 'osgb4000000009215627', 'osgb4000000009217149', 'osgb4000000009217312', 'osgb4000000009713895', 'osgb4000000009735350', 'osgb5000005119359439', 'osgb5000005181124389', 'osgb5000005181124397']"
664914,usrn44103947,ALDER LANE,Wigan,WIGAN,HINDLEY GREEN,"['osgb4000000009217003', 'osgb4000000009217008', 'osgb4000000009217021', 'osgb4000000009217023', 'osgb4000000009526900', 'osgb4000000009526907', 'osgb5000005185202847', 'osgb5000005253042644']"
664915,usrn44103958,SWAN LANE,Wigan,WIGAN,HINDLEY GREEN,"['osgb4000000009216990', 'osgb4000000009216997', 'osgb4000000009217016', 'osgb4000000009217017', 'osgb4000000009217060', 'osgb4000000009217073', 'osgb4000000009526898', 'osgb4000000009526901', 'osgb4000000009526902', 'osgb4000000009526910', 'osgb4000000009527092', 'osgb4000000009688662', 'osgb5000005253042646']"
664916,usrn44103964,EDINBURGH DRIVE,Wigan,WIGAN,HINDLEY GREEN,"['osgb4000000009217150', 'osgb4000000009217341', 'osgb4000000009217342', 'osgb4000000009217600', 'osgb4000000009217744', 'osgb5000005185202860']"
664917,usrn44103965,BUCHANAN DRIVE,Wigan,WIGAN,HINDLEY GREEN,"['osgb4000000009217336', 'osgb4000000009217340', 'osgb4000000009217601']"
664918,usrn44103969,TAYLOR ROAD,Wigan,WIGAN,HINDLEY GREEN,"['osgb4000000009215563', 'osgb4000000009217152', 'osgb4000000009217153', 'osgb4000000009217339', 'osgb4000000009217346', 'osgb4000000009217599', 'osgb4000000009217604', 'osgb4000000009217803', 'osgb4000000009217833']"
664919,usrn44103978,CARR COMMON ROAD,Wigan,WIGAN,HINDLEY GREEN,"['osgb4000000009221015', 'osgb4000000009221018', 'osgb4000000009666223', 'osgb5000005253042645']"
664933,usrn44104468,JOHN STREET,Wigan,WIGAN,HINDLEY GREEN,['osgb4000000009217582']
665041,usrn44122065,NIXON PHILLIPS DRIVE,Wigan,WIGAN,HINDLEY GREEN,"['osgb5000005241646867', 'osgb5000005241646872', 'osgb5000005247249151', 'osgb5000005247249261', 'osgb5000005247249298', 'osgb5000005247249299', 'osgb5000005250547312', 'osgb5000005251995986', 'osgb5000005251995987', 'osgb5000005251995993', 'osgb5000005254512833']"
665042,usrn44122067,GARVIN JONES GROVE,Wigan,WIGAN,HINDLEY GREEN,['osgb5000005241646895']
665043,usrn44122068,BROMILOW CLOSE,Wigan,WIGAN,HINDLEY GREEN,['osgb5000005247249260']
665044,usrn44122069,MAYERS NOOK,Wigan,WIGAN,HINDLEY GREEN,['osgb5000005251995964']
752929,usrn44100405,BRECON DRIVE,Wigan,WIGAN,HINDLEY GREEN,"['osgb4000000009217143', 'osgb4000000009217303', 'osgb4000000009217307']"
752968,usrn44102446,OAK AVENUE,Wigan,WIGAN,HINDLEY GREEN,"['osgb4000000009217140', 'osgb4000000009217275', 'osgb4000000009217295', 'osgb5000005266231271']"
752969,usrn44102566,PENDENNIS CRESCENT,Wigan,WIGAN,HINDLEY GREEN,"['osgb4000000009217145', 'osgb4000000009217304', 'osgb4000000009217574']"
753032,usrn44120676,ACRESWOOD AVENUE,Wigan,WIGAN,HINDLEY GREEN,"['osgb4000000009526995', 'osgb4000000009526997']"
753072,usrn44122066,RIGLEY POTTS PARK,Wigan,WIGAN,HINDLEY GREEN,"['osgb5000005251995980', 'osgb5000005266240146', 'osgb5000005273061621', 'osgb5000005273061622']"
1064775,usrn44102550,PAULINE STREET,Wigan,WIGAN,HINDLEY GREEN,['osgb4000000009215621']
1064788,usrn44104479,PALIN STREET,Wigan,WIGAN,HINDLEY GREEN,['osgb5000005197767134']
1064789,usrn44104486,RANNICAR STREET,Wigan,WIGAN,HINDLEY GREEN,['osgb4000000009215628']
1064790,usrn44104488,ROEBUCK STREET,Wigan,WIGAN,HINDLEY GREEN,['osgb4000000009215631']
1064791,usrn44104490,RUSSELL STREET,Wigan,WIGAN,HINDLEY GREEN,['osgb4000000009215649']
1156788,usrn44101976,LEIGH ROAD,Wigan,WIGAN,HINDLEY GREEN,"['osgb4000000009215404', 'osgb4000000009215406', 'osgb4000000009215409', 'osgb4000000009215410', 'osgb4000000009215411', 'osgb4000000009215412', 'osgb4000000009215413', 'osgb4000000009215418', 'osgb4000000009215420', 'osgb4000000009215421', 'osgb4000000009215423', 'osgb4000000009215424', 'osgb4000000009215425', 'osgb4000000009215426', 'osgb4000000009215427', 'osgb4000000009215428', 'osgb4000000009215429', 'osgb4000000009526868', 'osgb4000000009526869', 'osgb4000000009526870', 'osgb4000000009647324', 'osgb4000000009663648', 'osgb4000000009665561', 'osgb4000000009688640', 'osgb4000000009688643', 'osgb4000000009688647', 'osgb4000000009695906', 'osgb4000000009725900', 'osgb5000005157325691', 'osgb5000005176883540', 'osgb5000005176883591', 'osgb5000005252739685']"
1156789,usrn44101980,LEIGH STREET,Wigan,WIGAN,HINDLEY GREEN,['osgb4000000009215646']
1157039,usrn44103923,LULWORTH DRIVE,Wigan,WIGAN,HINDLEY GREEN,"['osgb4000000009217148', 'osgb4000000009217327', 'osgb4000000009217371', 'osgb4000000009217596', 'osgb4000000009217741']"
1157040,usrn44103955,GREEN LANE,Wigan,WIGAN,HINDLEY GREEN,"['osgb4000000009216998', 'osgb4000000009217002', 'osgb4000000009217020', 'osgb4000000009217022', 'osgb4000000009526899', 'osgb5000005246821568', 'osgb5000005246821570', 'osgb5000005250605106', 'osgb5000005250605107']"
1157041,usrn44103959,COUPLAND ROAD,Wigan,WIGAN,HINDLEY GREEN,"['osgb4000000009217349', 'osgb4000000009217350', 'osgb4000000009217605', 'osgb4000000009217606', 'osgb4000000009217607', 'osgb4000000009217608', 'osgb4000000009217609', 'osgb4000000009217746', 'osgb4000000009217747', 'osgb4000000009217804', 'osgb4000000009217834', 'osgb4000000009526976', 'osgb4000000009526977', 'osgb4000000009526989', 'osgb5000005185202867']"
1157102,usrn44104441,BAXTERS ROW,Wigan,WIGAN,HINDLEY GREEN,['osgb4000000009215626']
1157312,usrn44122060,TOPPING GREEN,Wigan,WIGAN,HINDLEY GREEN,"['osgb5000005265575619', 'osgb5000005265575620', 'osgb5000005273615093', 'osgb5000005273615094', 'osgb5000005273615095', 'osgb5000005273615096', 'osgb5000005273615097']"
1268088,usrn44101513,HARLEA AVENUE,Wigan,WIGAN,HINDLEY GREEN,"['osgb4000000009217577', 'osgb4000000009217578', 'osgb4000000009217800']"
1268097,usrn44102029,LINCROFT ROAD,Wigan,WIGAN,HINDLEY GREEN,"['osgb4000000009217144', 'osgb4000000009716042']"
1268105,usrn44102179,MAPLE AVENUE,Wigan,WIGAN,HINDLEY GREEN,"['osgb4000000009217279', 'osgb4000000009217294', 'osgb4000000009217559', 'osgb4000000009748436', 'osgb5000005181124387']"
1268133,usrn44103214,SYCAMORE AVENUE,Wigan,WIGAN,HINDLEY GREEN,['osgb4000000009217274']
1268161,usrn44103903,BLEASDALE ROAD,Wigan,WIGAN,HINDLEY GREEN,"['osgb4000000009217624', 'osgb4000000009217753', 'osgb4000000009217839']"
1268162,usrn44103918,CROSSDALE ROAD,Wigan,WIGAN,HINDLEY GREEN,"['osgb4000000009217166', 'osgb4000000009217369', 'osgb4000000009217372', 'osgb4000000009217613', 'osgb4000000009217615', 'osgb4000000009217616', 'osgb4000000009217633', 'osgb4000000009217638', 'osgb4000000009217756', 'osgb4000000009217757', 'osgb4000000009217816', 'osgb4000000009217817', 'osgb4000000009658820', 'osgb5000005253575800']"
1268163,usrn44103919,LONG LANE,Wigan,WIGAN,HINDLEY GREEN,"['osgb4000000009217113', 'osgb4000000009217161', 'osgb4000000009217317', 'osgb4000000009217367', 'osgb4000000009217586', 'osgb4000000009217587', 'osgb4000000009217589', 'osgb4000000009217590', 'osgb4000000009217632', 'osgb4000000009217643', 'osgb4000000009217645', 'osgb4000000009217760', 'osgb4000000009217802', 'osgb4000000009527199', 'osgb5000005200196826']"
1268164,usrn44103924,CHESTNUT GROVE,Wigan,WIGAN,HINDLEY GREEN,['osgb4000000009217326']
1268165,usrn44103925,MARSH ROW,Wigan,WIGAN,HINDLEY GREEN,['osgb4000000009217316']
1268166,usrn44103937,CINNAMON AVENUE,Wigan,WIGAN,HINDLEY GREEN,"['osgb4000000009217301', 'osgb4000000009217315', 'osgb4000000009217573', 'osgb4000000009527055', 'osgb4000000009527209', 'osgb5000005181124382', 'osgb5000005181124403', 'osgb5000005181124409', 'osgb5000005181124414']"
1268167,usrn44103945,WOODLAND AVENUE,Wigan,WIGAN,HINDLEY GREEN,"['osgb4000000009217146', 'osgb4000000009217147', 'osgb4000000009217322', 'osgb4000000009217588', 'osgb4000000009217593', 'osgb4000000009217595', 'osgb4000000009217740']"
1268170,usrn44104166,BASSWOOD GREEN,Wigan,WIGAN,HINDLEY GREEN,['osgb4000000009217278']
1268187,usrn44106171,SMITHS LANE,Wigan,WIGAN,HINDLEY GREEN,"['osgb4000000009215436', 'osgb4000000009526895', 'osgb4000000009620491', 'osgb5000005176883538', 'osgb5000005176883542', 'osgb5000005176883543', 'osgb5000005176883586', 'osgb5000005176883589', 'osgb5000005176883599', 'osgb5000005176883600', 'osgb5000005241646865', 'osgb5000005241646866', 'osgb5000005241646893', 'osgb5000005241646894', 'osgb5000005252643606', 'osgb5000005283512938']"
1268219,usrn44121717,ATHERTON ROAD,Wigan,WIGAN,HINDLEY GREEN,"['osgb4000000009215407', 'osgb4000000009215414', 'osgb4000000009215422', 'osgb4000000009216870', 'osgb4000000009216876', 'osgb4000000009216894', 'osgb4000000009216895', 'osgb4000000009216897', 'osgb4000000009216898', 'osgb4000000009216899', 'osgb4000000009216900', 'osgb4000000009216901', 'osgb4000000009216902', 'osgb4000000009216903', 'osgb4000000009216925', 'osgb4000000009216926', 'osgb4000000009216927', 'osgb4000000009216928', 'osgb4000000009216929', 'osgb4000000009216930', 'osgb4000000009216931', 'osgb4000000009216949', 'osgb4000000009216952', 'osgb4000000009216961', 'osgb4000000009216962', 'osgb4000000009216963', 'osgb4000000009216964', 'osgb4000000009216965', 'osgb4000000009216966', 'osgb4000000009216970', 'osgb4000000009216972', 'osgb4000000009216973', 'osgb4000000009216974', 'osgb4000000009216977', 'osgb4000000009217967', 'osgb4000000009217968', 'osgb4000000009217977', 'osgb4000000009526880', 'osgb4000000009526888', 'osgb4000000009666187', 'osgb4000000009666189', 'osgb5000005176883592', 'osgb5000005181124390', 'osgb5000005181124395', 'osgb5000005181124404', 'osgb5000005181124408', 'osgb5000005181124410', 'osgb5000005181124416', 'osgb5000005185202854', 'osgb5000005185202859', 'osgb5000005185202862', 'osgb5000005200196825', 'osgb5000005202732000']"
1355841,usrn44104438,BALDWIN STREET,Wigan,WIGAN,HINDLEY GREEN,['osgb4000000009217583']
1355842,usrn44104440,BEXLEY STREET,Wigan,WIGAN,HINDLEY GREEN,"['osgb4000000009217743', 'osgb5000005185202866']"
1355873,usrn44121827,BANNISTER COURT,Wigan,WIGAN,HINDLEY GREEN,"['osgb4000000067606666', 'osgb5000005185202849']"
