NodeID,Lat,Lon,Type,Street Name
#osgb4000000009046299,53.521741,-2.542946,0,[ 1 78]
#oseg4000000009046290,53.521583,-2.54216,1,1
#oseg4000000009046291,53.521503,-2.541797,1,1
#oseg4000000009046292,53.521477,-2.541661,1,1
#osgb4000000009046315,53.52146,-2.541419,0,[ 1 34 48]
#osgb4000000009047561,53.52348,-2.545985,0,[  2 127]
#oseg4000000009047563,53.523533,-2.546212,1,2
#osgb5000005181120516,53.523645,-2.546712,0,[2]
#osgb4000000009047693,53.527191,-2.542246,0,[ 3 51]
#oseg4000000009047694,53.527064,-2.542546,1,3
#oseg4000000009047695,53.526928,-2.542846,1,3
#osgb4000000009047692,53.526437,-2.543971,0,[3]
#osgb4000000009047838,53.524206,-2.557986,0,[4]
#oseg4000000009047836,53.524233,-2.558017,1,4
#oseg4000000009047837,53.52426,-2.558017,1,4
#oseg4000000009047838,53.524557,-2.557976,1,4
#oseg4000000009047839,53.52471,-2.557978,1,4
#oseg4000000009047810,53.524943,-2.558011,1,4
#osgb4000000009047672,53.525024,-2.558027,0,[ 4 75]
#osgb4000000009047882,53.527845,-2.556525,0,[  5 148]
#osgb4000000009047880,53.527322,-2.55673,0,[ 5 11]
#osgb4000000009047552,53.527235,-2.559911,0,[6 2]
#osgb4000000009688546,53.527002,-2.56009,0,[6]
#osgb4000000009047886,53.52791,-2.554113,0,[ 7 17]
#osgb4000000009047684,53.528459,-2.553909,0,[ 7 45]
#osgb4000000009047869,53.529504,-2.561163,0,[ 8 25]
#osgb4000000009047695,53.529765,-2.561031,0,[ 8 20]
#osgb4000000009047708,53.530758,-2.558102,0,[ 9 58]
#oseg4000000009047711,53.530478,-2.558385,1,9
#osgb4000000009047916,53.53046,-2.5584,0,[ 9 65]
#osgb4000000009047713,53.531342,-2.550506,0,[10]
#oseg4000000009047712,53.531386,-2.550784,1,10
#osgb4000000009048251,53.53139,-2.550811,0,[10]
#osgb4000000009526069,53.527614,-2.558519,0,[11]
#osgb4000000009047865,53.527541,-2.55806,0,[11 72]
#osgb4000000009526073,53.525365,-2.548065,0,[12]
#osgb4000000009526074,53.525364,-2.548212,0,[12]
#osgb5000005157325550,53.521972,-2.543933,0,[13]
#osgb4000000009046273,53.521952,-2.543944,0,[13  1]
#osgb5000005181120494,53.523264,-2.544959,0,[2]
#osgb4000000009047524,53.523295,-2.545108,0,[ 2 81]
#osgb4000000009688531,53.514615,-2.546662,0,[13]
#osgb4000000009046259,53.514318,-2.546516,0,[ 13 144]
#osgb4000000009046250,53.512945,-2.54398,0,[13 46]
#osgb4000000009046270,53.512882,-2.543775,0,[13]
#osgb4000000009046253,53.515502,-2.547087,0,[ 13 101]
#oseg4000000009046213,53.515466,-2.547073,1,13
#osgb4000000009046260,53.515323,-2.547011,0,[ 13 107]
#osgb4000000009046314,53.52255,-2.544917,0,[14 32]
#oseg4000000009046314,53.522444,-2.544463,1,14
#osgb4000000009735341,53.522383,-2.544204,0,[14]
#osgb4000000009526076,53.526917,-2.548247,0,[12]
#osgb4000000009048336,53.527478,-2.548254,0,[12 59]
#osgb4000000009047632,53.528864,-2.551847,0,[15 45]
#oseg4000000009047615,53.52889,-2.552089,1,15
#oseg4000000009047616,53.528964,-2.553493,1,15
#oseg4000000009047617,53.528982,-2.553629,1,15
#oseg4000000009047618,53.529025,-2.553931,1,15
#osgb4000000009047631,53.529236,-2.55499,0,[15 45]
#osgb4000000009047686,53.524471,-2.545515,0,[16 38]
#oseg4000000009047619,53.524436,-2.545153,1,16
#oseg4000000009047620,53.524437,-2.545047,1,16
#oseg4000000009047621,53.524447,-2.544896,1,16
#oseg4000000009047622,53.524493,-2.54461,1,16
#oseg4000000009047623,53.524511,-2.54449,1,16
#oseg4000000009047624,53.524512,-2.54443,1,16
#oseg4000000009047625,53.524503,-2.544279,1,16
#oseg4000000009047626,53.524469,-2.543946,1,16
#oseg4000000009047627,53.524425,-2.543735,1,16
#oseg4000000009047628,53.524354,-2.543477,1,16
#oseg4000000009047629,53.524336,-2.543417,1,16
#oseg4000000009047630,53.524319,-2.543235,1,16
#osgb4000000009047688,53.524311,-2.542979,0,[16 21]
#osgb4000000009047889,53.52777,-2.55313,0,[17 83]
#osgb4000000009047893,53.527622,-2.552178,0,[17 55]
#osgb4000000009047705,53.529672,-2.555825,0,[18  5]
#osgb4000000009047706,53.529551,-2.554873,0,[18 45]
#osgb4000000009047936,53.531869,-2.549171,0,[19 49]
#oseg4000000009047931,53.531859,-2.549397,1,19
#oseg4000000009047932,53.531859,-2.549457,1,19
#oseg4000000009047933,53.531867,-2.549623,1,19
#oseg4000000009047934,53.531946,-2.550167,1,19
#oseg4000000009047935,53.531954,-2.550318,1,19
#oseg4000000009047936,53.531972,-2.550394,1,19
#osgb4000000009047935,53.531981,-2.550438,0,[19]
#osgb4000000009047551,53.528157,-2.562684,0,[20  2]
#oseg4000000009047537,53.528392,-2.562401,1,20
#oseg4000000009047538,53.52841,-2.562386,1,20
#osgb5000005181120518,53.528428,-2.562371,0,[ 20 139]
#osgb4000000009048112,53.52352,-2.541053,0,[21 62]
#osgb4000000009047691,53.523923,-2.541496,0,[21]
#osgb4000000009048139,53.532016,-2.550994,0,[22]
#oseg4000000009048139,53.532023,-2.551043,1,22
#oseg4000000009048140,53.532058,-2.55121,1,22
#oseg4000000009048141,53.53212,-2.551346,1,22
#oseg4000000009048142,53.532156,-2.551422,1,22
#oseg4000000009048143,53.532263,-2.551559,1,22
#oseg4000000009048144,53.532335,-2.551606,1,22
#osgb4000000009047946,53.532353,-2.551606,0,[22 53]
#osgb4000000009047608,53.527512,-2.560639,0,[23  2]
#osgb4000000009047866,53.527682,-2.560551,0,[23]
#osgb4000000009048458,53.522628,-2.537648,0,[ 2 78]
#osgb4000000009048457,53.522634,-2.538357,0,[2]
#osgb4000000009526035,53.513413,-2.545263,0,[13]
#oseg4000000009526045,53.5133,-2.544994,1,13
#oseg4000000009526046,53.513149,-2.544616,1,13
#osgb4000000009688541,53.513131,-2.544566,0,[13]
#osgb4000000009526071,53.52487,-2.548633,0,[24]
#oseg4000000009526047,53.524871,-2.548311,1,24
#osgb4000000009047879,53.524881,-2.548205,0,[24 33 12]
#osgb5000005176878917,53.522772,-2.542468,0,[2]
#oseg5000005176878948,53.522776,-2.542522,1,2
#oseg5000005176878949,53.522794,-2.542628,1,2
#osgb4000000009046255,53.52282,-2.542839,0,[  2 128]
#osgb4000000009047562,53.523788,-2.547346,0,[  2 114]
#oseg4000000009047550,53.523831,-2.547538,1,2
#oseg4000000009047551,53.523923,-2.547952,1,2
#oseg4000000009047552,53.523973,-2.548178,1,2
#osgb4000000009048354,53.523973,-2.548194,0,[  2 111  12]
#osgb4000000009047629,53.529364,-2.560181,0,[25 89]
#osgb4000000009047682,53.526728,-2.553026,0,[26 50]
#osgb4000000009047885,53.526824,-2.553782,0,[26 50]
#osgb4000000009047905,53.525109,-2.543592,0,[27 68]
#oseg4000000009047953,53.525126,-2.543834,1,27
#oseg4000000009047954,53.525151,-2.544242,1,27
#oseg4000000009047955,53.525168,-2.544347,1,27
#oseg4000000009047956,53.525195,-2.544408,1,27
#oseg4000000009047957,53.525222,-2.544454,1,27
#osgb4000000009047906,53.525248,-2.544484,0,[27]
#osgb4000000009047931,53.530699,-2.555356,0,[ 5 28]
#oseg4000000009047958,53.530501,-2.555489,1,5
#oseg4000000009047959,53.530303,-2.555592,1,5
#osgb4000000009047709,53.530087,-2.555665,0,[ 5 58]
#osgb4000000009047711,53.530357,-2.553617,0,[28 99]
#oseg4000000009047760,53.530067,-2.552104,1,28
#oseg4000000009047761,53.52998,-2.551545,1,28
#osgb4000000009047934,53.52998,-2.5515,0,[28 45]
#osgb4000000009048142,53.534219,-2.554135,0,[5]
#osgb4000000009047943,53.533652,-2.554354,0,[ 5 53]
#osgb4000000009050884,53.523557,-2.536936,0,[29 40]
#oseg4000000009050862,53.52362,-2.536937,1,29
#oseg4000000009050863,53.52433,-2.536915,1,29
#oseg4000000009050864,53.524366,-2.536916,1,29
#oseg4000000009050865,53.524402,-2.536946,1,29
#osgb4000000009050887,53.524473,-2.537008,0,[29]
#osgb4000000009526210,53.53059,-2.551729,0,[30 56]
#oseg4000000009526266,53.530916,-2.551607,1,30
#osgb4000000009526214,53.531227,-2.551528,0,[30]
#osgb4000000009048144,53.532931,-2.551825,0,[31]
#osgb4000000009526230,53.532997,-2.551779,0,[31]
#oseg4000000009688567,53.526848,-2.560208,1,6
#osgb4000000009048095,53.52683,-2.560223,0,[6]
#oseg4000000009046368,53.52246,-2.544961,1,32
#oseg4000000009046369,53.522424,-2.544991,1,32
#osgb4000000009713885,53.52232,-2.545065,0,[32]
#osgb5000005181120521,53.528048,-2.562439,0,[2]
#oseg5000005181120570,53.528049,-2.562441,1,2
#oseg5000005181120571,53.528086,-2.562532,1,2
#osgb5000005185199985,53.524892,-2.547737,0,[33]
#osgb4000000009047899,53.524894,-2.54727,0,[ 33 100]
#osgb5000005185199981,53.522729,-2.541936,0,[ 2 47]
#oseg4000000009046372,53.521447,-2.540363,1,34
#osgb4000000009046316,53.521448,-2.540061,0,[34 48  1]
#osgb4000000009048102,53.525556,-2.553856,0,[  2 109]
#oseg4000000009048173,53.525654,-2.554113,1,2
#oseg4000000009048174,53.525769,-2.554432,1,2
#oseg4000000009048175,53.525972,-2.555128,1,2
#osgb4000000009047556,53.525999,-2.555219,0,[2 7]
#osgb4000000009047863,53.528644,-2.562314,0,[20 82]
#oseg4000000009047876,53.52868,-2.562329,1,20
#oseg4000000009047877,53.528698,-2.562344,1,20
#oseg4000000009047878,53.528983,-2.562891,1,20
#oseg4000000009047879,53.528992,-2.562907,1,20
#oseg4000000009047880,53.529028,-2.562922,1,20
#oseg4000000009047881,53.529055,-2.562922,1,20
#oseg4000000009047882,53.529091,-2.562923,1,20
#oseg4000000009047883,53.529262,-2.56284,1,20
#oseg4000000009047884,53.529424,-2.562761,1,20
#osgb4000000009047694,53.52946,-2.562747,0,[20  8]
#osgb4000000009047873,53.524876,-2.557075,0,[35 80]
#oseg4000000009047885,53.524894,-2.557075,1,35
#oseg4000000009047886,53.525351,-2.557217,1,35
#oseg4000000009047887,53.525549,-2.557249,1,35
#oseg4000000009047888,53.525603,-2.55725,1,35
#oseg4000000009047889,53.525675,-2.557221,1,35
#osgb4000000009047876,53.525882,-2.557133,0,[35 36]
#osgb4000000009047875,53.524997,-2.554165,0,[ 36 132 109]
#osgb4000000009047679,53.525245,-2.554968,0,[36 39]
#osgb4000000009526067,53.526231,-2.555031,0,[7]
#oseg4000000009526090,53.526603,-2.554729,1,7
#osgb4000000009047681,53.526703,-2.554655,0,[ 7 26]
#osgb4000000009047887,53.52691,-2.554477,0,[ 7 26]
#oseg4000000009047891,53.526937,-2.554462,1,7
#oseg4000000009047892,53.527082,-2.554373,1,7
#oseg4000000009047893,53.527424,-2.554257,1,7
#oseg4000000009047894,53.527856,-2.554112,1,7
#osgb4000000009047897,53.52318,-2.540687,0,[37 21]
#oseg4000000009047895,53.523166,-2.539963,1,37
#oseg4000000009047896,53.523166,-2.539887,1,37
#oseg4000000009047897,53.523175,-2.539797,1,37
#oseg4000000009047898,53.523212,-2.539707,1,37
#osgb4000000009047898,53.523457,-2.539182,0,[37 40]
#oseg4000000009047899,53.524907,-2.546396,1,33
#osgb4000000009047901,53.524899,-2.546275,0,[33 73]
#osgb4000000009047687,53.525637,-2.546088,0,[38 73]
#oseg4000000009047100,53.525662,-2.546435,1,38
#osgb4000000009047904,53.525668,-2.547009,0,[38]
#osgb4000000009047872,53.524148,-2.557005,0,[39 35]
#oseg4000000009047101,53.524157,-2.55693,1,39
#oseg4000000009047102,53.524186,-2.556613,1,39
#osgb4000000009047678,53.524195,-2.556477,0,[ 39 132]
#osgb4000000009049272,53.523137,-2.538288,0,[40]
#oseg4000000009049103,53.523271,-2.538591,1,40
#oseg4000000009049104,53.523342,-2.538803,1,40
#osgb5000005176878920,53.515863,-2.547054,0,[13]
#oseg5000005176878105,53.515646,-2.547091,1,13
#oseg5000005176878106,53.515555,-2.547095,1,13
#osgb4000000009526078,53.521148,-2.542909,0,[41]
#osgb4000000009526079,53.521099,-2.542844,0,[41]
#osgb5000005176878918,53.51373,-2.546611,0,[42]
#osgb4000000009526036,53.513605,-2.546881,0,[42]
#osgb4000000009046427,53.523026,-2.54696,0,[ 14 108]
#osgb4000000009046313,53.522867,-2.546279,0,[ 14 127]
#osgb4000000009046371,53.520905,-2.542935,0,[41]
#oseg4000000009046107,53.520905,-2.54283,1,41
#osgb4000000009046430,53.520872,-2.542362,0,[41]
#oseg4000000009047108,53.52607,-2.555461,1,2
#oseg4000000009047109,53.526166,-2.555825,1,2
#oseg4000000009047110,53.526361,-2.556566,1,2
#osgb5000005200196804,53.526364,-2.556578,0,[2]
#osgb4000000009047554,53.527589,-2.561168,0,[2]
#osgb4000000009047606,53.527536,-2.560911,0,[2]
#osgb4000000009048328,53.532127,-2.547577,0,[43]
#oseg4000000009048111,53.532303,-2.54806,1,43
#osgb4000000009048348,53.532785,-2.549379,0,[43 49]
#oseg4000000009047112,53.529286,-2.559637,1,25
#oseg4000000009047113,53.529277,-2.559576,1,25
#oseg4000000009047114,53.529134,-2.558579,1,25
#oseg4000000009047115,53.528929,-2.557158,1,25
#osgb4000000009047630,53.52892,-2.557143,0,[25 89]
#oseg4000000009047116,53.529557,-2.555869,1,5
#oseg4000000009047117,53.529294,-2.555969,1,5
#osgb4000000009047704,53.52879,-2.556161,0,[ 5 25]
#oseg4000000009047118,53.525498,-2.555816,1,36
#oseg4000000009047119,53.525714,-2.556543,1,36
#osgb4000000009047937,53.531904,-2.557257,0,[44 61]
#oseg4000000009047120,53.532228,-2.557141,1,44
#oseg4000000009047121,53.532255,-2.557126,1,44
#oseg4000000009047122,53.532309,-2.557052,1,44
#oseg4000000009047123,53.532445,-2.556782,1,44
#oseg4000000009047124,53.532563,-2.556602,1,44
#oseg4000000009047125,53.53259,-2.556573,1,44
#oseg4000000009047126,53.532644,-2.556528,1,44
#oseg4000000009047127,53.532698,-2.556498,1,44
#oseg4000000009047128,53.532797,-2.55647,1,44
#oseg4000000009047129,53.532878,-2.556471,1,44
#osgb4000000009047938,53.533103,-2.556519,0,[44 94]
#osgb4000000009047890,53.528169,-2.556409,0,[ 5 17]
#oseg4000000009047130,53.529314,-2.551716,1,45
#osgb4000000009047710,53.529359,-2.551703,0,[45 99]
#osgb4000000009048135,53.531507,-2.557509,0,[44]
#oseg4000000009048131,53.531841,-2.557287,1,44
#osgb4000000009047633,53.530779,-2.555644,0,[28  5]
#osgb4000000009048345,53.534499,-2.554002,0,[ 5 43]
#oseg4000000009048132,53.53449,-2.554033,1,5
#oseg4000000009048133,53.522633,-2.538417,1,2
#osgb4000000009666167,53.522635,-2.539393,0,[2]
#osgb4000000009526050,53.512548,-2.544442,0,[46]
#osgb4000000009526049,53.512572,-2.544588,0,[46]
#osgb4000000009046267,53.522277,-2.543752,0,[14 13]
#osgb5000005181120503,53.528278,-2.558886,0,[11]
#osgb4000000009047870,53.52813,-2.558943,0,[11]
#oseg5000005185199134,53.522816,-2.541914,1,47
#oseg5000005185199135,53.523015,-2.54187,1,47
#osgb5000005185199978,53.523101,-2.541854,0,[47]
#osgb4000000009046246,53.517744,-2.546243,0,[ 13 102]
#oseg4000000009046136,53.51769,-2.546318,1,13
#oseg4000000009046137,53.517608,-2.546452,1,13
#oseg4000000009046138,53.517536,-2.546557,1,13
#oseg4000000009046139,53.517472,-2.546647,1,13
#oseg4000000009046140,53.517418,-2.546706,1,13
#osgb4000000009046261,53.517393,-2.546736,0,[13]
#oseg4000000009046141,53.522078,-2.54387,1,13
#oseg4000000009046142,53.52108,-2.540117,1,48
#oseg4000000009046143,53.521026,-2.540147,1,48
#oseg4000000009046144,53.520699,-2.540731,1,48
#oseg4000000009046145,53.52069,-2.540761,1,48
#oseg4000000009046146,53.520681,-2.540821,1,48
#oseg4000000009046147,53.520697,-2.541258,1,48
#oseg4000000009046148,53.520706,-2.541274,1,48
#oseg4000000009046149,53.520741,-2.541334,1,48
#oseg4000000009046150,53.520804,-2.541365,1,48
#oseg4000000009046151,53.520939,-2.541412,1,48
#oseg4000000009046152,53.521119,-2.541415,1,48
#osgb4000000009046256,53.522667,-2.540801,0,[21  2]
#oseg4000000009046153,53.522928,-2.540734,1,21
#oseg4000000009046154,53.523072,-2.540697,1,21
#osgb4000000009046373,53.523117,-2.540686,0,[21 88]
#osgb4000000009047605,53.527375,-2.560834,0,[2]
#oseg4000000009047155,53.527375,-2.560758,1,2
#oseg4000000009047156,53.527394,-2.560713,1,2
#oseg4000000009047157,53.527412,-2.560683,1,2
#osgb4000000009747516,53.527437,-2.560651,0,[2]
#osgb4000000009048337,53.52896,-2.548514,0,[49 90]
#oseg4000000009048158,53.52914,-2.548562,1,49
#oseg4000000009048159,53.529328,-2.548603,1,49
#osgb4000000009048344,53.530029,-2.548755,0,[49 28]
#osgb4000000009047680,53.52698,-2.556861,0,[26  5]
#oseg4000000009047160,53.526911,-2.556287,1,26
#oseg4000000009047161,53.526867,-2.555969,1,26
#oseg4000000009047162,53.52685,-2.555833,1,26
#oseg4000000009047163,53.52672,-2.554836,1,26
#osgb4000000009047696,53.531004,-2.560307,0,[ 8 87]
#oseg4000000009047164,53.531027,-2.560278,1,8
#oseg4000000009047165,53.531063,-2.560218,1,8
#oseg4000000009047166,53.53109,-2.560174,1,8
#oseg4000000009047167,53.5311,-2.560113,1,8
#oseg4000000009047168,53.531136,-2.559948,1,8
#oseg4000000009047169,53.531146,-2.559782,1,8
#oseg4000000009047170,53.531147,-2.559661,1,8
#oseg4000000009047171,53.531114,-2.559027,1,8
#oseg4000000009047172,53.531123,-2.558937,1,8
#oseg4000000009047173,53.531159,-2.558877,1,8
#oseg4000000009047174,53.531349,-2.558699,1,8
#oseg4000000009047175,53.531453,-2.558609,1,8
#osgb4000000009047697,53.531593,-2.55849,0,[ 8 28]
#oseg4000000009047176,53.52934,-2.561478,1,8
#oseg4000000009047177,53.529341,-2.561403,1,8
#oseg4000000009047178,53.529341,-2.561357,1,8
#oseg4000000009047179,53.529359,-2.561297,1,8
#oseg4000000009047180,53.529386,-2.561252,1,8
#oseg4000000009047181,53.529404,-2.561237,1,8
#oseg4000000009047182,53.529468,-2.561193,1,8
#osgb5000005181120496,53.526158,-2.557009,0,[35]
#oseg5000005181120183,53.526206,-2.556987,1,35
#osgb4000000009047555,53.526441,-2.556854,0,[35  2]
#oseg4000000009047184,53.526247,-2.553985,1,50
#oseg4000000009047185,53.526212,-2.55397,1,50
#oseg4000000009047186,53.526194,-2.553954,1,50
#oseg4000000009047187,53.526185,-2.553909,1,50
#oseg4000000009047188,53.526107,-2.553305,1,50
#oseg4000000009047189,53.526107,-2.553274,1,50
#oseg4000000009047190,53.526116,-2.553244,1,50
#oseg4000000009047191,53.526134,-2.553245,1,50
#oseg4000000009047192,53.52812,-2.55585,1,17
#osgb4000000009047884,53.528066,-2.555231,0,[ 17 129]
#oseg4000000009047193,53.524887,-2.547964,1,33
#oseg4000000009047194,53.524892,-2.547798,1,33
#osgb5000005185199990,53.527589,-2.542774,0,[51]
#oseg5000005185199195,53.527513,-2.542658,1,51
#osgb4000000009047837,53.525139,-2.560306,0,[ 52 146]
#osgb4000000009047845,53.525374,-2.560143,0,[52 95]
#oseg4000000009047196,53.532371,-2.551561,1,53
#oseg4000000009047197,53.532399,-2.55135,1,53
#oseg4000000009047198,53.532408,-2.55129,1,53
#oseg4000000009047199,53.532453,-2.551185,1,53
#osgb4000000009048143,53.532526,-2.551035,0,[53 31]
#osgb4000000009048207,53.525551,-2.549885,0,[24]
#osgb4000000009048206,53.525261,-2.549643,0,[24]
#osgb5000005200196801,53.526067,-2.555164,0,[7]
#osgb4000000009663623,53.520912,-2.543408,0,[ 41 125]
#oseg4000000009663200,53.520912,-2.543403,1,41
#osgb4000000009048459,53.522622,-2.536984,0,[29  2]
#osgb4000000009666165,53.52293,-2.536969,0,[29]
#oseg5000005181120201,53.52843,-2.56237,1,20
#oseg5000005181120202,53.528617,-2.562313,1,20
#osgb4000000009688555,53.521857,-2.54349,0,[1]
#oseg4000000009688203,53.521785,-2.543143,1,1
#osgb4000000009047607,53.527567,-2.560758,0,[ 2 23]
#oseg4000000009047204,53.527564,-2.560836,1,2
#oseg4000000009047205,53.527555,-2.560866,1,2
#osgb4000000009047603,53.52741,-2.560924,0,[2]
#oseg4000000009047206,53.527393,-2.560894,1,2
#oseg4000000009047207,53.527384,-2.560864,1,2
#osgb5000005181120530,53.528036,-2.560428,0,[23]
#osgb4000000009047690,53.525192,-2.541029,0,[54 21]
#oseg4000000009047208,53.525129,-2.540998,1,54
#oseg4000000009047209,53.525031,-2.540982,1,54
#oseg4000000009047210,53.524734,-2.541023,1,54
#oseg4000000009047211,53.524698,-2.541038,1,54
#oseg4000000009047212,53.524662,-2.541068,1,54
#oseg4000000009047213,53.524644,-2.541098,1,54
#oseg4000000009047214,53.524625,-2.541128,1,54
#oseg4000000009047215,53.524616,-2.541158,1,54
#oseg4000000009047216,53.524607,-2.541263,1,54
#oseg4000000009047217,53.524637,-2.541899,1,54
#osgb4000000009047910,53.52478,-2.541881,0,[54]
#osgb4000000009048096,53.528492,-2.56026,0,[23]
#oseg4000000009048218,53.528474,-2.560344,1,23
#oseg4000000009048219,53.528442,-2.560431,1,23
#oseg4000000009048220,53.528383,-2.560485,1,23
#oseg4000000009048221,53.528338,-2.560499,1,23
#oseg4000000009048222,53.528284,-2.560499,1,23
#oseg4000000009048223,53.528248,-2.560483,1,23
#oseg4000000009048224,53.52824,-2.560468,1,23
#osgb4000000009047867,53.528186,-2.560377,0,[23]
#oseg4000000009047225,53.527298,-2.552294,1,55
#oseg4000000009047226,53.527271,-2.552294,1,55
#oseg4000000009047227,53.527253,-2.552279,1,55
#oseg4000000009047228,53.527235,-2.552233,1,55
#oseg4000000009047229,53.527209,-2.552067,1,55
#oseg4000000009047230,53.527174,-2.55181,1,55
#oseg4000000009047231,53.527175,-2.551659,1,55
#oseg4000000009047232,53.527193,-2.551599,1,55
#oseg4000000009047233,53.527212,-2.551524,1,55
#oseg4000000009047234,53.527239,-2.551494,1,55
#oseg4000000009047235,53.527266,-2.551464,1,55
#oseg4000000009047236,53.527302,-2.551435,1,55
#osgb4000000009048109,53.527364,-2.551407,0,[55]
#osgb4000000009047871,53.52833,-2.560318,0,[23]
#osgb4000000009047909,53.524159,-2.542902,0,[21 64]
#oseg4000000009047237,53.524177,-2.542917,1,21
#oseg4000000009047238,53.524204,-2.542947,1,21
#oseg4000000009047239,53.524249,-2.542978,1,21
#oseg4000000009046240,53.523171,-2.540687,1,21
#osgb4000000009047553,53.526997,-2.558988,0,[ 2 52]
#osgb4000000009526066,53.527069,-2.55927,0,[2]
#oseg4000000009526241,53.530715,-2.552302,1,56
#osgb4000000009526212,53.530801,-2.55269,0,[56 96]
#osgb4000000009526215,53.531225,-2.551361,0,[30]
#osgb4000000009526235,53.532523,-2.549988,0,[57]
#osgb4000000009526234,53.532583,-2.54995,0,[57]
#osgb5000005176878924,53.513063,-2.549086,0,[42]
#osgb5000005176878929,53.513037,-2.549529,0,[42]
#osgb5000005176878914,53.513393,-2.547343,0,[42]
#oseg5000005176878242,53.513388,-2.547355,1,42
#oseg5000005176878243,53.513242,-2.547714,1,42
#osgb4000000009688514,53.513227,-2.547769,0,[42]
#oseg4000000009526244,53.527614,-2.558519,1,11
#oseg4000000009526245,53.527642,-2.558471,1,11
#oseg4000000009526246,53.527662,-2.558192,1,11
#oseg4000000009526247,53.527599,-2.557792,1,11
#oseg4000000009526248,53.527526,-2.557652,1,11
#oseg4000000009526249,53.52745,-2.557506,1,11
#osgb4000000009526068,53.52745,-2.557506,0,[11]
#osgb5000005185199995,53.525673,-2.547757,0,[38]
#oseg5000005185199250,53.525674,-2.547823,1,38
#oseg5000005185199251,53.525673,-2.547974,1,38
#oseg5000005185199252,53.525672,-2.548095,1,38
#osgb4000000009047903,53.525672,-2.548215,0,[38 12]
#osgb4000000009046264,53.520998,-2.544219,0,[41 13]
#oseg4000000009048253,53.527559,-2.548255,1,12
#oseg4000000009048254,53.52764,-2.548241,1,12
#osgb4000000009048327,53.527658,-2.548226,0,[12 49]
#oseg4000000009047255,53.530501,-2.55739,1,58
#oseg4000000009047256,53.530138,-2.555877,1,58
#osgb5000005181120513,53.526119,-2.548694,0,[59]
#oseg5000005181120257,53.526118,-2.548945,1,59
#oseg5000005181120258,53.526135,-2.549051,1,59
#oseg5000005181120259,53.526153,-2.549082,1,59
#oseg5000005181120260,53.52618,-2.549127,1,59
#oseg5000005181120261,53.526225,-2.549158,1,59
#oseg5000005181120262,53.526323,-2.549204,1,59
#oseg5000005181120263,53.526898,-2.549393,1,59
#oseg5000005181120264,53.527221,-2.549518,1,59
#oseg5000005181120265,53.527275,-2.549518,1,59
#osgb4000000009047895,53.527311,-2.549504,0,[59 26]
#osgb5000005176614432,53.531891,-2.560934,0,[60]
#oseg5000005176614266,53.531869,-2.560953,1,60
#oseg5000005176614267,53.531833,-2.560938,1,60
#oseg5000005176614268,53.531806,-2.560922,1,60
#oseg5000005176614269,53.531797,-2.560907,1,60
#oseg5000005176614270,53.531735,-2.56071,1,60
#oseg5000005176614271,53.531682,-2.560498,1,60
#oseg5000005176614272,53.531682,-2.560468,1,60
#osgb4000000009688612,53.531682,-2.560445,0,[60]
#oseg4000000009047273,53.531513,-2.558218,1,28
#oseg4000000009047274,53.531354,-2.557658,1,28
#osgb4000000009048121,53.531318,-2.557521,0,[28  9]
#osgb4000000009047919,53.53177,-2.559051,0,[28 84]
#oseg4000000009047275,53.531681,-2.558763,1,28
#oseg4000000009047276,53.531632,-2.558612,1,28
#osgb4000000009048137,53.531853,-2.556593,0,[61]
#oseg4000000009048277,53.531745,-2.556546,1,61
#oseg4000000009048278,53.531647,-2.5565,1,61
#oseg4000000009048279,53.531626,-2.556475,1,61
#oseg4000000009048280,53.531611,-2.556439,1,61
#osgb4000000009048136,53.531567,-2.556215,0,[61]
#osgb4000000009047878,53.525073,-2.549475,0,[24]
#osgb4000000009048208,53.525422,-2.549154,0,[24]
#oseg4000000009047281,53.530266,-2.558594,1,9
#osgb4000000009048215,53.53022,-2.558639,0,[9]
#osgb4000000009047892,53.528259,-2.55638,0,[  5 149]
#oseg4000000009048282,53.523602,-2.540753,1,62
#oseg4000000009048283,53.523877,-2.53961,1,62
#oseg4000000009048284,53.524086,-2.539175,1,62
#oseg4000000009048285,53.524122,-2.539115,1,62
#oseg4000000009048286,53.524176,-2.539055,1,62
#oseg4000000009048287,53.524204,-2.539026,1,62
#oseg4000000009048288,53.524222,-2.539011,1,62
#osgb4000000009050885,53.52429,-2.539,0,[62]
#osgb4000000009526075,53.526483,-2.548241,0,[12]
#oseg4000000009526289,53.526903,-2.548246,1,12
#oseg4000000009526290,53.512548,-2.544442,1,46
#oseg4000000009526291,53.512638,-2.544338,1,46
#oseg4000000009526292,53.51281,-2.544118,1,46
#oseg4000000009526293,53.512837,-2.544084,1,46
#osgb4000000009046444,53.521215,-2.54295,0,[41]
#osgb4000000009046272,53.520056,-2.544387,0,[13 92]
#oseg4000000009046294,53.519964,-2.544399,1,13
#osgb4000000009046247,53.51973,-2.544428,0,[ 13 103]
#osgb4000000009046365,53.51222,-2.543801,0,[46]
#oseg4000000009046295,53.512334,-2.543972,1,46
#oseg4000000009046296,53.51237,-2.544048,1,46
#oseg4000000009046297,53.512476,-2.544335,1,46
#oseg4000000009046298,53.512512,-2.544411,1,46
#oseg4000000009046299,53.512539,-2.544442,1,46
#oseg4000000009048300,53.532936,-2.549803,1,43
#osgb4000000009048358,53.53314,-2.550364,0,[43 53]
#osgb4000000009047712,53.529956,-2.550896,0,[10 28]
#oseg4000000009047301,53.530181,-2.550899,1,10
#oseg4000000009047302,53.530415,-2.550826,1,10
#oseg4000000009047303,53.530559,-2.550783,1,10
#oseg4000000009047304,53.53082,-2.550681,1,10
#oseg4000000009047305,53.52998,-2.549538,1,28
#oseg4000000009047306,53.53001,-2.548965,1,28
#oseg4000000009047307,53.530019,-2.54886,1,28
#oseg4000000009047308,53.525933,-2.559743,1,52
#oseg4000000009047309,53.525951,-2.559732,1,52
#osgb5000005181120525,53.526024,-2.559684,0,[52]
#osgb4000000009047842,53.526316,-2.560427,0,[63 79]
#osgb4000000009047846,53.526113,-2.559625,0,[63 52]
#oseg4000000009047310,53.528058,-2.55514,1,17
#oseg4000000009047311,53.524114,-2.542976,1,64
#oseg4000000009047312,53.52406,-2.543036,1,64
#oseg4000000009047313,53.523924,-2.543125,1,64
#oseg4000000009047314,53.523897,-2.543139,1,64
#oseg4000000009047315,53.523816,-2.543169,1,64
#oseg4000000009047316,53.523744,-2.543168,1,64
#oseg4000000009047317,53.52369,-2.543152,1,64
#oseg4000000009047318,53.523655,-2.543136,1,64
#oseg4000000009047319,53.523628,-2.543076,1,64
#oseg4000000009047320,53.523601,-2.542985,1,64
#oseg4000000009047321,53.523532,-2.542366,1,64
#oseg4000000009047322,53.523524,-2.54229,1,64
#oseg4000000009047323,53.523506,-2.542245,1,64
#oseg4000000009047324,53.523479,-2.542199,1,64
#oseg4000000009047325,53.523452,-2.542184,1,64
#osgb4000000009047908,53.523353,-2.542197,0,[64]
#oseg4000000009047326,53.530532,-2.558597,1,65
#oseg4000000009047327,53.530736,-2.559158,1,65
#oseg4000000009047328,53.530744,-2.559249,1,65
#oseg4000000009047329,53.530735,-2.559279,1,65
#oseg4000000009047330,53.530699,-2.559339,1,65
#osgb4000000009047915,53.530413,-2.559618,0,[65]
#osgb4000000009047673,53.526184,-2.557952,0,[66  4]
#oseg4000000009047331,53.526254,-2.55839,1,66
#oseg4000000009047332,53.526272,-2.558436,1,66
#oseg4000000009047333,53.526289,-2.558466,1,66
#oseg4000000009047334,53.526316,-2.558481,1,66
#oseg4000000009047335,53.526334,-2.558482,1,66
#oseg4000000009047336,53.526361,-2.558467,1,66
#oseg4000000009047337,53.526397,-2.558437,1,66
#oseg4000000009047338,53.526434,-2.558392,1,66
#osgb4000000009048089,53.526488,-2.558318,0,[66]
#osgb4000000009048097,53.52858,-2.558771,0,[11]
#oseg4000000009047339,53.52509,-2.549626,1,24
#osgb4000000009048108,53.525115,-2.550069,0,[24]
#osgb4000000009048114,53.525707,-2.544416,0,[27]
#osgb4000000009048117,53.528725,-2.544289,0,[51]
#osgb4000000009047913,53.528779,-2.544163,0,[51]
#osgb4000000009048140,53.532904,-2.553836,0,[67]
#osgb4000000009526232,53.53292,-2.553969,0,[67]
#osgb4000000009526233,53.532811,-2.553815,0,[67]
#osgb4000000009526080,53.520521,-2.542459,0,[41]
#oseg4000000009046340,53.51731,-2.546795,1,13
#oseg4000000009046341,53.517148,-2.546839,1,13
#osgb4000000009665518,53.517093,-2.546848,0,[13]
#oseg4000000009047342,53.52766,-2.561426,1,2
#oseg4000000009047343,53.527686,-2.561506,1,2
#oseg4000000009047344,53.527784,-2.561804,1,2
#osgb5000005181120523,53.527825,-2.5619,0,[2]
#oseg4000000009047345,53.525963,-2.557097,1,35
#osgb4000000009046372,53.521928,-2.545347,0,[32]
#osgb4000000009046449,53.520935,-2.542349,0,[41]
#oseg4000000009047346,53.525106,-2.548208,1,12
#osgb4000000009047907,53.525649,-2.543405,0,[68]
#oseg4000000009047347,53.525469,-2.543446,1,68
#oseg4000000009047348,53.525406,-2.543476,1,68
#oseg4000000009047349,53.525298,-2.54355,1,68
#oseg4000000009047350,53.525217,-2.543579,1,68
#osgb4000000009048099,53.524101,-2.55542,0,[69]
#oseg4000000009048351,53.524156,-2.555316,1,69
#oseg4000000009048352,53.524156,-2.555285,1,69
#oseg4000000009048353,53.524156,-2.555255,1,69
#oseg4000000009048354,53.524156,-2.555225,1,69
#osgb4000000009047677,53.523871,-2.554663,0,[ 69 132]
#oseg4000000009047355,53.526876,-2.55419,1,26
#oseg4000000009047356,53.531878,-2.557121,1,61
#oseg4000000009047357,53.53186,-2.55694,1,61
#oseg4000000009047358,53.531852,-2.556729,1,61
#osgb4000000009047939,53.533417,-2.556523,0,[44]
#oseg4000000009048359,53.532981,-2.553621,1,67
#oseg4000000009048360,53.533,-2.553576,1,67
#osgb4000000009047942,53.533028,-2.553229,0,[67 53]
#osgb4000000009048211,53.525419,-2.547006,0,[38]
#oseg4000000009526361,53.532522,-2.549979,1,57
#osgb4000000009047947,53.532478,-2.549827,0,[57]
#osgb4000000009526226,53.532034,-2.550449,0,[19]
#osgb4000000009647272,53.518468,-2.545054,0,[13]
#oseg4000000009647362,53.518224,-2.54542,1,13
#oseg4000000009647363,53.517925,-2.545929,1,13
#osgb4000000009048145,53.533337,-2.552373,0,[70]
#osgb4000000009748433,53.533445,-2.55227,0,[70]
#oseg4000000009047364,53.527549,-2.560697,1,2
#osgb4000000009047689,53.525022,-2.542822,0,[21 27]
#oseg4000000009047365,53.525148,-2.542748,1,21
#oseg4000000009047366,53.525212,-2.542689,1,21
#oseg4000000009047367,53.525239,-2.542644,1,21
#oseg4000000009047368,53.525257,-2.542599,1,21
#oseg4000000009047369,53.525266,-2.542554,1,21
#oseg4000000009047370,53.525267,-2.542418,1,21
#oseg4000000009047371,53.525198,-2.541738,1,21
#oseg4000000009047372,53.525181,-2.541482,1,21
#oseg4000000009047373,53.525182,-2.541285,1,21
#oseg4000000009047374,53.525182,-2.54121,1,21
#osgb4000000009047835,53.523717,-2.557528,0,[71]
#oseg4000000009047375,53.523614,-2.557465,1,71
#oseg4000000009047376,53.523656,-2.55647,1,71
#oseg4000000009047377,53.523684,-2.55638,1,71
#osgb4000000009047676,53.523711,-2.556335,0,[ 71 132]
#osgb4000000009047581,53.526838,-2.558368,0,[72  2]
#oseg4000000009047378,53.526856,-2.558353,1,72
#oseg4000000009047379,53.528485,-2.55409,1,45
#oseg4000000009047380,53.528573,-2.554574,1,45
#oseg4000000009047381,53.528687,-2.555103,1,45
#oseg4000000009047382,53.528696,-2.555134,1,45
#oseg4000000009047383,53.528714,-2.555149,1,45
#oseg4000000009047384,53.528741,-2.555164,1,45
#oseg4000000009047385,53.528768,-2.55518,1,45
#oseg4000000009047386,53.527356,-2.549474,1,59
#oseg4000000009047387,53.52741,-2.5494,1,59
#oseg4000000009047388,53.527428,-2.54937,1,59
#oseg4000000009047389,53.527465,-2.549295,1,59
#oseg4000000009047390,53.527474,-2.549159,1,59
#osgb5000005185199984,53.527476,-2.5487,0,[59]
#oseg4000000009047391,53.524329,-2.542979,1,21
#oseg4000000009047392,53.524716,-2.542909,1,21
#oseg4000000009047393,53.524869,-2.542865,1,21
#oseg4000000009047394,53.525358,-2.54616,1,73
#osgb4000000009047912,53.527942,-2.543252,0,[74 51]
#oseg4000000009047395,53.527542,-2.544182,1,74
#oseg4000000009047396,53.527433,-2.544392,1,74
#oseg4000000009047397,53.527343,-2.544526,1,74
#oseg4000000009047398,53.527297,-2.544586,1,74
#oseg4000000009047399,53.527225,-2.54466,1,74
#oseg4000000009047400,53.527126,-2.54475,1,74
#oseg4000000009047401,53.527081,-2.544794,1,74
#oseg4000000009047402,53.526918,-2.544898,1,74
#osgb4000000009047911,53.526747,-2.545016,0,[74]
#oseg4000000009047403,53.530026,-2.560899,1,8
#oseg4000000009047404,53.53045,-2.560648,1,8
#oseg4000000009047405,53.533091,-2.55326,1,53
#oseg4000000009047406,53.533235,-2.553277,1,53
#oseg4000000009047407,53.533369,-2.553339,1,53
#oseg4000000009047408,53.53345,-2.553415,1,53
#oseg4000000009047409,53.533468,-2.553446,1,53
#oseg4000000009047410,53.533521,-2.553552,1,53
#oseg4000000009047411,53.533556,-2.553719,1,53
#osgb4000000009047843,53.525004,-2.558585,0,[ 75 147]
#oseg4000000009047412,53.525003,-2.558736,1,75
#oseg4000000009047413,53.525011,-2.558887,1,75
#oseg4000000009047414,53.525011,-2.558962,1,75
#oseg4000000009047415,53.525001,-2.559037,1,75
#oseg4000000009047416,53.524974,-2.559158,1,75
#oseg4000000009047417,53.524901,-2.559277,1,75
#oseg4000000009047418,53.524883,-2.559353,1,75
#oseg4000000009047419,53.524837,-2.559578,1,75
#osgb4000000009048086,53.524785,-2.559667,0,[75]
#oseg4000000009047420,53.533436,-2.554426,1,5
#osgb4000000009047634,53.5334,-2.554441,0,[5]
#osgb4000000009047948,53.532734,-2.550811,0,[53 57]
#osgb4000000009048212,53.5251,-2.544516,0,[27]
#oseg4000000009048421,53.525176,-2.544498,1,27
#osgb4000000009048127,53.532964,-2.559353,0,[76]
#osgb4000000009048220,53.53284,-2.558975,0,[76]
#osgb4000000009047932,53.530559,-2.55466,0,[28]
#osgb4000000009047707,53.530524,-2.554494,0,[28 18]
#osgb4000000009526065,53.527223,-2.559863,0,[2]
#osgb4000000009526225,53.533746,-2.551974,0,[43]
#osgb4000000009048146,53.533762,-2.552016,0,[43 70]
#osgb4000000009526119,53.523238,-2.534848,0,[ 51 121]
#oseg4000000009526422,53.523186,-2.534861,1,51
#oseg4000000009526423,53.523099,-2.534864,1,51
#osgb4000000009526085,53.522575,-2.534885,0,[51]
#osgb4000000009663622,53.513311,-2.545998,0,[77 98]
#oseg4000000009663424,53.513301,-2.54601,1,77
#oseg4000000009663425,53.513184,-2.546192,1,77
#oseg4000000009663426,53.513095,-2.546375,1,77
#oseg4000000009663427,53.513007,-2.546556,1,77
#oseg4000000009663428,53.512966,-2.546581,1,77
#oseg4000000009663429,53.512749,-2.546635,1,77
#osgb4000000009663620,53.512653,-2.54666,0,[77]
#osgb4000000009688515,53.514814,-2.54676,0,[13]
#osgb4000000009526052,53.513094,-2.544462,0,[13]
#osgb5000005181120499,53.527982,-2.559,0,[11]
#oseg5000005181120430,53.528262,-2.558848,1,11
#oseg5000005181120431,53.528245,-2.558822,1,11
#oseg5000005181120432,53.528231,-2.558805,1,11
#oseg5000005181120433,53.528215,-2.558788,1,11
#oseg5000005181120434,53.528197,-2.55878,1,11
#oseg5000005181120435,53.528177,-2.558772,1,11
#oseg5000005181120436,53.528147,-2.558767,1,11
#oseg5000005181120437,53.528124,-2.558768,1,11
#oseg5000005181120438,53.528104,-2.558775,1,11
#oseg5000005181120439,53.528085,-2.558785,1,11
#oseg5000005181120440,53.528065,-2.558798,1,11
#oseg5000005181120441,53.528047,-2.558816,1,11
#oseg5000005181120442,53.528032,-2.558837,1,11
#oseg5000005181120443,53.52802,-2.558862,1,11
#oseg5000005181120444,53.528005,-2.558895,1,11
#oseg5000005181120445,53.527988,-2.558957,1,11
#osgb4000000009666169,53.522839,-2.542935,0,[2]
#oseg4000000009666446,53.52289,-2.543202,1,2
#osgb4000000009046266,53.522917,-2.543338,0,[ 2 13]
#oseg4000000009046447,53.522083,-2.542724,1,78
#oseg4000000009046448,53.52212,-2.542679,1,78
#oseg4000000009046449,53.522129,-2.542649,1,78
#oseg4000000009046450,53.522138,-2.542559,1,78
#oseg4000000009046451,53.522002,-2.540973,1,78
#oseg4000000009046452,53.521993,-2.540838,1,78
#osgb4000000009046300,53.521974,-2.539178,0,[78  1]
#osgb4000000009047559,53.524448,-2.550492,0,[  2 135]
#oseg4000000009047453,53.524457,-2.550538,1,2
#osgb4000000009047583,53.524545,-2.550946,0,[  2 136]
#oseg4000000009048454,53.524158,-2.549056,1,2
#osgb4000000009047560,53.524158,-2.549071,0,[  2 112  93]
#osgb4000000009047585,53.524571,-2.551052,0,[ 2 85]
#oseg4000000009048455,53.533815,-2.552153,1,43
#oseg4000000009048456,53.534419,-2.553805,1,43
#osgb4000000009047841,53.525638,-2.561263,0,[79]
#oseg4000000009047457,53.525631,-2.560976,1,79
#oseg4000000009047458,53.52564,-2.560916,1,79
#oseg4000000009047459,53.525649,-2.560901,1,79
#oseg4000000009047460,53.525946,-2.56069,1,79
#oseg4000000009047461,53.524904,-2.556698,1,80
#oseg4000000009047462,53.524905,-2.556487,1,80
#oseg4000000009047463,53.524897,-2.556336,1,80
#osgb4000000009048098,53.524874,-2.556244,0,[80]
#oseg4000000009048464,53.531881,-2.556397,1,61
#oseg4000000009048465,53.531955,-2.555991,1,61
#oseg4000000009048466,53.531964,-2.555946,1,61
#oseg4000000009048467,53.531982,-2.555916,1,61
#oseg4000000009048468,53.531996,-2.555901,1,61
#oseg4000000009048469,53.532009,-2.555886,1,61
#oseg4000000009048470,53.532043,-2.555877,1,61
#oseg4000000009048471,53.532072,-2.555887,1,61
#oseg4000000009048472,53.532088,-2.555902,1,61
#osgb4000000009048138,53.532156,-2.555967,0,[61]
#oseg4000000009049473,53.52317,-2.53825,1,40
#oseg4000000009049474,53.523219,-2.538138,1,40
#oseg4000000009049475,53.523392,-2.537628,1,40
#oseg4000000009049476,53.523529,-2.537177,1,40
#oseg4000000009049477,53.523538,-2.537132,1,40
#oseg4000000009047478,53.523893,-2.538222,1,37
#oseg4000000009047479,53.523956,-2.538132,1,37
#oseg4000000009047480,53.52401,-2.538073,1,37
#osgb4000000009050886,53.524173,-2.537974,0,[37]
#oseg4000000009526481,53.513052,-2.544343,1,13
#osgb4000000009048335,53.526121,-2.548236,0,[12 59]
#oseg4000000009048482,53.526301,-2.548239,1,12
#osgb4000000009526042,53.516038,-2.547025,0,[13]
#oseg4000000009526483,53.515979,-2.547035,1,13
#osgb5000005185199997,53.523605,-2.545074,0,[81]
#oseg5000005185199484,53.523416,-2.545108,1,81
#osgb4000000009046271,53.514044,-2.546387,0,[ 13 106]
#osgb4000000009046251,53.513861,-2.546299,0,[13 42]
#oseg4000000009046485,53.521441,-2.539654,1,1
#oseg4000000009046486,53.521442,-2.539533,1,1
#oseg4000000009046487,53.52146,-2.539473,1,1
#oseg4000000009046488,53.521478,-2.539428,1,1
#oseg4000000009046489,53.521587,-2.539234,1,1
#oseg4000000009046490,53.521596,-2.539219,1,1
#oseg4000000009046491,53.52165,-2.539189,1,1
#oseg4000000009046492,53.521103,-2.542953,1,41
#oseg4000000009046493,53.52113,-2.542938,1,41
#osgb4000000009047604,53.52749,-2.560962,0,[2]
#oseg4000000009047494,53.527446,-2.560955,1,2
#oseg4000000009047495,53.524242,-2.556161,1,39
#oseg4000000009047496,53.524279,-2.555981,1,39
#oseg4000000009047497,53.524315,-2.555891,1,39
#oseg4000000009047498,53.524356,-2.555801,1,39
#oseg4000000009047499,53.524397,-2.555711,1,39
#oseg4000000009047500,53.524487,-2.555591,1,39
#oseg4000000009047501,53.524577,-2.555517,1,39
#oseg4000000009047502,53.528663,-2.562178,1,82
#oseg4000000009047503,53.528681,-2.562088,1,82
#oseg4000000009047504,53.528745,-2.561983,1,82
#oseg4000000009047505,53.528772,-2.561938,1,82
#oseg4000000009047506,53.52879,-2.561878,1,82
#oseg4000000009047507,53.528836,-2.561728,1,82
#oseg4000000009047508,53.528846,-2.561592,1,82
#oseg4000000009047509,53.528846,-2.561502,1,82
#oseg4000000009047510,53.52882,-2.561366,1,82
#osgb4000000009047868,53.528802,-2.56129,0,[82]
#oseg5000005181120511,53.527869,-2.559045,1,11
#oseg5000005181120512,53.527797,-2.559044,1,11
#oseg5000005181120513,53.52777,-2.559029,1,11
#oseg5000005181120514,53.527716,-2.558967,1,11
#oseg5000005181120515,53.527707,-2.558937,1,11
#oseg5000005181120516,53.527663,-2.558831,1,11
#oseg5000005181120517,53.52762,-2.558559,1,11
#osgb4000000009047888,53.527087,-2.553369,0,[83]
#osgb4000000009047894,53.527038,-2.550194,0,[17 26]
#oseg4000000009047518,53.527208,-2.550392,1,17
#oseg4000000009047519,53.527253,-2.550423,1,17
#oseg4000000009047520,53.527288,-2.550439,1,17
#oseg4000000009047521,53.527306,-2.550439,1,17
#oseg4000000009047522,53.527747,-2.550354,1,17
#oseg4000000009047523,53.52781,-2.550385,1,17
#oseg4000000009047524,53.527837,-2.550416,1,17
#oseg4000000009047525,53.527864,-2.550446,1,17
#oseg4000000009047526,53.527881,-2.550507,1,17
#oseg4000000009047527,53.52789,-2.550552,1,17
#oseg4000000009047528,53.527907,-2.550884,1,17
#oseg4000000009047529,53.52794,-2.551548,1,17
#oseg4000000009047530,53.52793,-2.551684,1,17
#oseg4000000009047531,53.527921,-2.551744,1,17
#oseg4000000009047532,53.527902,-2.551804,1,17
#oseg4000000009047533,53.527884,-2.551849,1,17
#oseg4000000009047534,53.527848,-2.551894,1,17
#oseg4000000009047535,53.527722,-2.552028,1,17
#oseg4000000009047536,53.527694,-2.552073,1,17
#oseg4000000009047537,53.531959,-2.558888,1,84
#oseg4000000009047538,53.532004,-2.558843,1,84
#oseg4000000009047539,53.53205,-2.558768,1,84
#oseg4000000009047540,53.5321,-2.558618,1,84
#oseg4000000009047541,53.532196,-2.558332,1,84
#oseg4000000009047542,53.532214,-2.558287,1,84
#oseg4000000009047543,53.532241,-2.558258,1,84
#osgb4000000009047926,53.532565,-2.558036,0,[84]
#osgb4000000009048087,53.526507,-2.561185,0,[63]
#oseg4000000009047544,53.52449,-2.551101,1,85
#oseg4000000009047545,53.52449,-2.551101,1,85
#oseg4000000009047546,53.524373,-2.55117,1,85
#osgb4000000009048104,53.524224,-2.551259,0,[85]
#osgb4000000009048126,53.532661,-2.558716,0,[84]
#oseg4000000009048547,53.532655,-2.558625,1,84
#oseg4000000009048548,53.532644,-2.558474,1,84
#oseg4000000009048549,53.532627,-2.558338,1,84
#oseg4000000009047550,53.526874,-2.554521,1,26
#osgb4000000009526245,53.530037,-2.543067,0,[12]
#oseg4000000009526551,53.530136,-2.542903,1,12
#oseg4000000009526552,53.530218,-2.542798,1,12
#oseg4000000009526553,53.530272,-2.542753,1,12
#oseg4000000009526554,53.530353,-2.542694,1,12
#oseg4000000009526555,53.530452,-2.542665,1,12
#osgb4000000009048329,53.530686,-2.542638,0,[ 12  43 130]
#oseg4000000009526556,53.531345,-2.551501,1,30
#osgb4000000009526224,53.531489,-2.551416,0,[30]
#osgb4000000009046268,53.522636,-2.539775,0,[  2 105]
#oseg4000000009046557,53.519487,-2.54444,1,13
#oseg4000000009046558,53.519253,-2.544483,1,13
#oseg4000000009046559,53.519154,-2.544497,1,13
#oseg4000000009046560,53.519073,-2.544526,1,13
#oseg4000000009046561,53.518893,-2.544599,1,13
#oseg4000000009046562,53.518803,-2.544643,1,13
#oseg4000000009046563,53.518749,-2.544672,1,13
#oseg4000000009046564,53.518704,-2.544717,1,13
#oseg4000000009046565,53.51864,-2.544788,1,13
#oseg4000000009046566,53.518622,-2.544806,1,13
#oseg4000000009046567,53.518558,-2.544913,1,13
#oseg4000000009046568,53.51852,-2.544975,1,13
#osgb4000000009748422,53.526763,-2.559157,0,[52]
#oseg4000000009748569,53.526853,-2.559092,1,52
#osgb5000005185199983,53.523077,-2.544075,0,[2]
#osgb5000005185199998,53.523132,-2.544329,0,[2]
#oseg4000000009046570,53.522667,-2.540907,1,2
#oseg4000000009046571,53.5227,-2.541601,1,2
#oseg4000000009046572,53.522725,-2.541888,1,2
#oseg4000000009047573,53.524237,-2.549464,1,2
#oseg4000000009047574,53.524413,-2.550311,1,2
#oseg4000000009047575,53.527544,-2.561107,1,2
#oseg4000000009047576,53.527509,-2.561046,1,2
#oseg4000000009047577,53.530046,-2.562453,1,20
#oseg4000000009047578,53.530091,-2.562393,1,20
#oseg4000000009047579,53.530118,-2.562318,1,20
#oseg4000000009047580,53.530128,-2.562258,1,20
#oseg4000000009047581,53.530119,-2.562182,1,20
#oseg4000000009047582,53.529862,-2.561379,1,20
#oseg4000000009047583,53.529839,-2.554771,1,18
#oseg4000000009047584,53.530163,-2.55467,1,18
#oseg4000000009047585,53.530289,-2.554611,1,18
#osgb4000000009724488,53.5237,-2.553546,0,[86]
#osgb4000000009047669,53.52353,-2.552758,0,[86 91]
#oseg4000000009047586,53.524003,-2.541587,1,21
#oseg4000000009047587,53.524039,-2.541663,1,21
#oseg4000000009047588,53.524066,-2.541709,1,21
#oseg4000000009047589,53.524083,-2.541784,1,21
#oseg4000000009047590,53.524083,-2.541845,1,21
#oseg4000000009047591,53.524133,-2.542765,1,21
#oseg4000000009047592,53.52415,-2.542856,1,21
#oseg4000000009047593,53.524159,-2.542886,1,21
#osgb4000000009047917,53.530648,-2.561542,0,[87]
#oseg4000000009047594,53.53085,-2.561483,1,87
#oseg4000000009047595,53.531004,-2.561409,1,87
#oseg4000000009047596,53.531085,-2.561365,1,87
#oseg4000000009047597,53.531193,-2.561261,1,87
#oseg4000000009047598,53.53122,-2.561201,1,87
#oseg4000000009047599,53.531238,-2.561156,1,87
#oseg4000000009047600,53.531239,-2.561126,1,87
#oseg4000000009047601,53.53123,-2.561035,1,87
#osgb5000005200196803,53.526751,-2.556939,0,[5]
#osgb4000000009047586,53.526494,-2.557051,0,[5 2]
#osgb4000000009048111,53.523146,-2.541285,0,[88]
#osgb4000000009048204,53.528789,-2.560161,0,[23]
#osgb4000000009048223,53.531307,-2.550261,0,[10]
#oseg4000000009048602,53.531335,-2.550463,1,10
#osgb4000000009048120,53.5321,-2.56015,0,[28 60 97]
#oseg4000000009048603,53.531965,-2.559672,1,28
#oseg4000000009046604,53.522829,-2.542884,1,2
#osgb4000000009725897,53.514909,-2.546807,0,[13]
#osgb5000005181120509,53.523051,-2.543957,0,[2]
#oseg5000005181120605,53.523057,-2.543986,1,2
#oseg5000005181120606,53.523075,-2.544067,1,2
#osgb4000000009047582,53.526679,-2.557762,0,[2 4]
#oseg4000000009047607,53.529914,-2.559886,1,89
#oseg4000000009047608,53.530058,-2.559798,1,89
#oseg4000000009047609,53.530076,-2.559783,1,89
#oseg4000000009047610,53.530095,-2.559738,1,89
#oseg4000000009047611,53.530113,-2.559648,1,89
#oseg4000000009047612,53.529894,-2.558589,1,89
#oseg4000000009047613,53.529753,-2.557908,1,89
#oseg4000000009047614,53.529524,-2.556849,1,89
#oseg4000000009047615,53.529506,-2.556834,1,89
#oseg4000000009047616,53.52929,-2.556948,1,89
#osgb4000000009047896,53.529017,-2.549752,0,[90]
#oseg4000000009047617,53.528959,-2.54868,1,90
#oseg4000000009047618,53.53268,-2.550705,1,57
#oseg4000000009047619,53.532618,-2.550508,1,57
#oseg4000000009047620,53.532583,-2.550402,1,57
#oseg4000000009047621,53.532565,-2.550281,1,57
#oseg4000000009047622,53.52504,-2.542883,1,27
#oseg4000000009047623,53.525075,-2.543094,1,27
#oseg4000000009047624,53.525109,-2.543577,1,27
#oseg4000000009046625,53.513743,-2.546584,1,42
#osgb4000000009716036,53.524796,-2.552761,0,[ 91 126]
#osgb4000000009047557,53.52505,-2.552491,0,[91  2]
#osgb4000000009046370,53.520006,-2.546198,0,[92]
#oseg4000000009046626,53.519903,-2.545743,1,92
#oseg4000000009046627,53.519886,-2.545592,1,92
#oseg4000000009046628,53.519879,-2.545169,1,92
#oseg4000000009046629,53.519897,-2.545094,1,92
#oseg4000000009046630,53.519925,-2.545049,1,92
#oseg4000000009046631,53.520006,-2.544975,1,92
#oseg4000000009046632,53.520042,-2.54493,1,92
#oseg4000000009046633,53.52006,-2.544885,1,92
#oseg4000000009046634,53.520069,-2.544855,1,92
#oseg4000000009046635,53.52007,-2.544629,1,92
#oseg4000000009046636,53.520053,-2.544433,1,92
#oseg4000000009047637,53.527377,-2.560411,1,2
#oseg4000000009047638,53.527509,-2.560941,1,2
#oseg4000000009047639,53.523441,-2.55238,1,86
#oseg4000000009047640,53.523398,-2.552123,1,86
#oseg4000000009047641,53.523389,-2.552017,1,86
#oseg4000000009047642,53.523179,-2.550808,1,86
#oseg4000000009047643,53.523136,-2.550491,1,86
#osgb4000000009047670,53.523086,-2.550233,0,[86]
#osgb5000005181120527,53.523877,-2.549246,0,[93]
#osgb4000000009047685,53.52359,-2.549425,0,[93 14]
#oseg4000000009047644,53.533105,-2.555961,1,94
#oseg4000000009047645,53.533104,-2.555915,1,94
#oseg4000000009047646,53.533098,-2.555719,1,94
#osgb4000000009047940,53.533082,-2.555523,0,[94]
#oseg4000000009047647,53.525006,-2.558524,1,75
#oseg4000000009047648,53.525233,-2.559583,1,95
#osgb4000000009048088,53.525224,-2.559523,0,[95]
#osgb4000000009047900,53.523985,-2.545645,0,[38 73]
#oseg4000000009048649,53.533153,-2.55919,1,76
#oseg4000000009048650,53.533316,-2.559026,1,76
#osgb4000000009047928,53.533388,-2.558967,0,[76]
#oseg4000000009748651,53.533446,-2.552269,1,70
#oseg4000000009748652,53.533563,-2.55221,1,70
#oseg4000000009748653,53.533635,-2.552151,1,70
#oseg4000000009748654,53.533699,-2.552076,1,70
#oseg4000000009047655,53.529299,-2.554966,1,45
#oseg4000000009526656,53.531133,-2.552481,1,96
#oseg4000000009526657,53.53132,-2.552375,1,96
#oseg4000000009526658,53.531452,-2.552322,1,96
#oseg4000000009526659,53.531624,-2.552338,1,96
#osgb4000000009526229,53.531797,-2.552256,0,[96]
#oseg4000000009046660,53.514914,-2.54681,1,13
#oseg4000000009688661,53.531682,-2.560438,1,60
#oseg4000000009688662,53.531691,-2.560423,1,60
#oseg4000000009688663,53.531925,-2.560191,1,60
#osgb4000000009724489,53.523592,-2.553633,0,[86]
#oseg4000000009048664,53.530818,-2.543273,1,43
#osgb5000005185199994,53.530844,-2.543378,0,[43]
#oseg4000000009047665,53.52787,-2.54316,1,51
#oseg4000000009047666,53.527754,-2.543023,1,51
#oseg4000000009046667,53.52261,-2.54353,1,13
#oseg4000000009046668,53.52243,-2.543649,1,13
#osgb4000000009046265,53.521808,-2.544018,0,[ 13 141]
#osgb4000000009046262,53.520143,-2.544373,0,[ 13 131]
#oseg4000000009526669,53.527156,-2.559609,1,2
#oseg4000000009047670,53.528198,-2.55208,1,45
#oseg4000000009047671,53.528207,-2.55205,1,45
#oseg4000000009047672,53.528243,-2.552035,1,45
#oseg4000000009047673,53.532611,-2.558006,1,84
#oseg4000000009047674,53.532719,-2.557947,1,84
#oseg4000000009047675,53.5328,-2.557918,1,84
#oseg4000000009047676,53.532926,-2.557889,1,84
#oseg4000000009047677,53.532998,-2.557875,1,84
#oseg4000000009047678,53.533186,-2.557908,1,84
#oseg4000000009047679,53.533303,-2.55794,1,84
#osgb4000000009047927,53.533366,-2.557971,0,[84]
#oseg4000000009047680,53.53301,-2.553229,1,53
#oseg4000000009047681,53.532912,-2.553167,1,53
#oseg4000000009047682,53.532849,-2.553136,1,53
#oseg4000000009047683,53.532742,-2.553029,1,53
#oseg4000000009047684,53.532652,-2.552922,1,53
#oseg4000000009047685,53.53259,-2.552816,1,53
#oseg4000000009047686,53.532527,-2.552725,1,53
#oseg4000000009047687,53.532474,-2.552603,1,53
#oseg4000000009047688,53.532447,-2.552527,1,53
#oseg4000000009047689,53.532323,-2.552133,1,53
#oseg4000000009047690,53.532306,-2.551997,1,53
#oseg4000000009047691,53.532306,-2.551862,1,53
#oseg4000000009047692,53.532316,-2.551801,1,53
#osgb4000000009047914,53.529156,-2.544738,0,[51]
#osgb4000000009048213,53.529248,-2.544847,0,[51 12]
#oseg4000000009047693,53.52697,-2.541976,1,51
#oseg4000000009047694,53.526808,-2.541783,1,51
#oseg4000000009047695,53.526724,-2.54164,1,51
#oseg4000000009047696,53.526623,-2.54143,1,51
#oseg4000000009047697,53.526534,-2.5412,1,51
#oseg4000000009047698,53.526491,-2.541051,1,51
#oseg4000000009047699,53.526463,-2.5407,1,51
#oseg4000000009047700,53.526451,-2.540332,1,51
#oseg4000000009047701,53.526446,-2.540031,1,51
#oseg4000000009047702,53.526456,-2.539933,1,51
#oseg4000000009047703,53.526536,-2.539639,1,51
#oseg4000000009047704,53.526572,-2.539452,1,51
#oseg4000000009047705,53.526574,-2.53915,1,51
#oseg4000000009047706,53.526573,-2.538876,1,51
#osgb4000000009526114,53.526575,-2.538691,0,[ 51 119]
#oseg4000000009046707,53.521952,-2.537986,1,78
#oseg4000000009046708,53.521952,-2.537896,1,78
#oseg4000000009046709,53.521962,-2.53779,1,78
#oseg4000000009046710,53.521971,-2.53776,1,78
#oseg4000000009046711,53.521998,-2.537731,1,78
#oseg4000000009046712,53.522043,-2.537701,1,78
#oseg4000000009046713,53.522124,-2.537672,1,78
#oseg4000000009046714,53.522457,-2.537646,1,78
#osgb4000000009526227,53.531958,-2.550587,0,[19]
#oseg4000000009688715,53.531642,-2.56043,1,60
#oseg4000000009688716,53.53162,-2.560398,1,60
#osgb4000000009688611,53.531586,-2.560276,0,[60]
#osgb4000000009748432,53.533491,-2.552409,0,[70]
#oseg4000000009046717,53.521763,-2.544047,1,13
#oseg4000000009046718,53.521443,-2.544133,1,13
#oseg4000000009046719,53.521385,-2.544148,1,13
#oseg5000005185199720,53.523163,-2.544473,1,2
#osgb4000000009047584,53.524721,-2.551612,0,[  2 113]
#oseg4000000009047721,53.524739,-2.551673,1,2
#osgb4000000009047558,53.524757,-2.551718,0,[  2 110]
#oseg4000000009747722,53.527448,-2.560638,1,2
#oseg4000000009747723,53.527474,-2.560631,1,2
#osgb4000000009526222,53.532591,-2.554756,0,[5]
#oseg4000000009526724,53.5325,-2.554791,1,5
#oseg4000000009526725,53.531563,-2.555141,1,5
#oseg4000000009526726,53.531464,-2.555185,1,5
#oseg4000000009526727,53.53141,-2.555214,1,5
#oseg4000000009526728,53.531365,-2.555259,1,5
#oseg4000000009047729,53.525482,-2.558139,1,4
#oseg4000000009047730,53.525554,-2.558155,1,4
#oseg4000000009047731,53.525617,-2.558155,1,4
#oseg4000000009047732,53.525725,-2.558127,1,4
#oseg4000000009047733,53.525959,-2.558037,1,4
#oseg4000000009047734,53.526892,-2.550554,1,26
#osgb4000000009047683,53.526765,-2.550885,0,[26]
#oseg4000000009047735,53.523216,-2.540702,1,21
#oseg4000000009047736,53.523261,-2.540748,1,21
#oseg4000000009047737,53.52335,-2.540855,1,21
#oseg4000000009048738,53.532199,-2.560083,1,97
#osgb5000005181120504,53.532598,-2.559703,0,[97]
#oseg4000000009047739,53.529971,-2.551469,1,28
#oseg4000000009047740,53.529955,-2.551047,1,28
#oseg4000000009048741,53.532633,-2.551308,1,31
#oseg4000000009048742,53.532677,-2.551384,1,31
#oseg4000000009048743,53.532767,-2.551491,1,31
#oseg4000000009048744,53.532802,-2.551551,1,31
#oseg4000000009048745,53.532864,-2.551718,1,31
#oseg4000000009048746,53.532927,-2.551825,1,31
#osgb4000000009048222,53.530815,-2.555792,0,[28]
#oseg4000000009663747,53.513223,-2.545775,1,98
#oseg4000000009663748,53.513121,-2.545529,1,98
#oseg4000000009663749,53.513061,-2.54547,1,98
#oseg4000000009663750,53.512993,-2.545462,1,98
#oseg4000000009663751,53.512907,-2.545515,1,98
#oseg4000000009663752,53.512775,-2.545564,1,98
#oseg4000000009663753,53.512662,-2.545583,1,98
#osgb4000000009663621,53.512559,-2.545601,0,[98]
#osgb4000000009663619,53.513587,-2.545685,0,[77 13]
#oseg4000000009047754,53.525861,-2.548218,1,12
#oseg4000000009047755,53.526004,-2.548228,1,12
#oseg4000000009047756,53.526079,-2.548233,1,12
#osgb4000000009047874,53.523732,-2.553696,0,[86]
#osgb5000005176878923,53.513562,-2.545625,0,[13]
#osgb4000000009046263,53.520899,-2.544232,0,[ 13 104]
#osgb5000005202731998,53.524884,-2.552044,0,[2]
#oseg4000000009047757,53.529394,-2.551929,1,99
#oseg4000000009047758,53.52942,-2.552096,1,99
#oseg4000000009047759,53.529481,-2.552549,1,99
#oseg4000000009047760,53.529507,-2.552776,1,99
#oseg4000000009047761,53.529533,-2.552987,1,99
#oseg4000000009047762,53.529567,-2.55347,1,99
#oseg4000000009047763,53.529637,-2.553879,1,99
#oseg4000000009047764,53.529654,-2.553894,1,99
#oseg4000000009047765,53.525055,-2.549444,1,24
#oseg4000000009047766,53.525001,-2.549383,1,24
#oseg4000000009047767,53.524957,-2.549322,1,24
#oseg4000000009047768,53.524903,-2.549216,1,24
#oseg4000000009047769,53.524885,-2.549156,1,24
#oseg4000000009047770,53.524877,-2.54905,1,24
#oseg4000000009047771,53.52487,-2.548643,1,24
#osgb4000000009047902,53.524391,-2.547249,0,[100]
#oseg4000000009047772,53.524625,-2.547252,1,100
#osgb4000000009526231,53.532927,-2.551944,0,[31]
#oseg5000005176878773,53.513561,-2.545623,1,13
#oseg5000005176878774,53.513434,-2.545313,1,13
#osgb5000005119359242,53.522766,-2.545846,0,[ 14 142]
#oseg5000005119359775,53.522751,-2.545781,1,14
#osgb5000005181120524,53.522688,-2.54551,0,[14]
#oseg5000005181120776,53.527826,-2.561904,1,2
#oseg5000005181120777,53.527882,-2.562032,1,2
#oseg4000000009047778,53.524766,-2.551764,1,2
#oseg4000000009047779,53.524881,-2.552037,1,2
#osgb4000000009526041,53.515437,-2.547604,0,[101]
#oseg4000000009046780,53.517619,-2.546015,1,102
#oseg4000000009046781,53.517619,-2.545985,1,102
#osgb5000005176878916,53.517614,-2.545835,0,[102]
#oseg4000000009046782,53.519748,-2.544263,1,103
#oseg4000000009046783,53.519749,-2.544203,1,103
#oseg4000000009046784,53.519741,-2.543931,1,103
#osgb4000000009046424,53.519752,-2.543884,0,[103]
#osgb4000000009046425,53.52086,-2.543782,0,[104]
#osgb4000000009046431,53.522891,-2.539747,0,[105]
#oseg4000000009046785,53.514086,-2.546121,1,106
#osgb5000005176878926,53.51411,-2.545993,0,[106]
#osgb4000000009046442,53.515543,-2.546246,0,[107]
#oseg4000000009046786,53.515435,-2.54621,1,107
#oseg4000000009046787,53.515369,-2.54677,1,107
#osgb4000000009046445,53.52281,-2.547093,0,[108]
#osgb4000000009048101,53.525075,-2.554104,0,[109]
#osgb4000000009048100,53.524759,-2.553287,0,[109]
#oseg4000000009047788,53.524513,-2.552032,1,110
#osgb4000000009748424,53.524471,-2.552086,0,[110]
#oseg4000000009048789,53.523928,-2.548208,1,111
#osgb4000000009048106,53.523702,-2.548351,0,[111]
#osgb5000005181120515,53.524326,-2.549042,0,[112]
#oseg5000005181120790,53.524311,-2.549043,1,112
#oseg5000005181120791,53.524239,-2.549042,1,112
#oseg5000005181120792,53.524212,-2.549041,1,112
#oseg4000000009047793,53.524857,-2.551508,1,113
#osgb5000005181120517,53.524974,-2.551412,0,[113]
#oseg4000000009047794,53.523887,-2.547318,1,114
#oseg4000000009047795,53.524054,-2.547315,1,114
#osgb5000005185199987,53.524074,-2.547315,0,[114]
#osgb4000000009526111,53.525859,-2.540392,0,[115 124]
#oseg4000000009526796,53.525883,-2.540162,1,115
#osgb4000000009526115,53.52592,-2.53961,0,[115 117]
#osgb4000000009526091,53.52529,-2.537196,0,[116 117]
#oseg4000000009526797,53.525093,-2.537103,1,116
#oseg4000000009526798,53.524953,-2.537032,1,116
#oseg4000000009526799,53.52489,-2.536974,1,116
#oseg4000000009526800,53.524846,-2.536919,1,116
#oseg4000000009526801,53.524821,-2.536846,1,116
#oseg4000000009526802,53.524802,-2.536719,1,116
#oseg4000000009526803,53.524806,-2.536608,1,116
#osgb4000000009652893,53.524808,-2.536538,0,[116]
#osgb4000000009526095,53.525294,-2.538279,0,[117 118]
#oseg4000000009526804,53.525304,-2.538189,1,117
#oseg4000000009526805,53.525307,-2.538167,1,117
#oseg4000000009526806,53.525343,-2.537942,1,117
#oseg4000000009526807,53.525356,-2.537806,1,117
#oseg4000000009526808,53.525356,-2.537749,1,117
#oseg4000000009526809,53.525349,-2.537679,1,117
#oseg4000000009526810,53.525326,-2.537571,1,117
#oseg4000000009526811,53.5253,-2.537471,1,117
#oseg4000000009526812,53.525283,-2.537361,1,117
#oseg4000000009526813,53.525153,-2.538279,1,118
#oseg4000000009526814,53.525032,-2.538222,1,118
#oseg4000000009526815,53.52493,-2.538203,1,118
#oseg4000000009526816,53.524794,-2.538163,1,118
#oseg4000000009526817,53.524734,-2.538173,1,118
#osgb4000000009526093,53.5247,-2.538172,0,[118 122]
#osgb4000000009526117,53.526175,-2.538444,0,[119 120]
#oseg4000000009526818,53.526205,-2.53846,1,119
#oseg4000000009526819,53.526322,-2.538594,1,119
#oseg4000000009526820,53.52641,-2.538678,1,119
#oseg4000000009526821,53.526209,-2.537968,1,120
#oseg4000000009526822,53.526177,-2.537702,1,120
#oseg4000000009526823,53.526181,-2.537454,1,120
#osgb4000000009652892,53.526204,-2.537363,0,[120]
#oseg4000000009526824,53.523251,-2.535077,1,121
#oseg4000000009526825,53.52331,-2.535248,1,121
#oseg4000000009526826,53.523372,-2.535321,1,121
#oseg4000000009526827,53.523452,-2.535423,1,121
#oseg4000000009526828,53.52352,-2.535569,1,121
#oseg4000000009526829,53.523565,-2.535709,1,121
#oseg4000000009526830,53.523582,-2.535747,1,121
#osgb5000005185199973,53.523589,-2.535761,0,[121]
#oseg4000000009526831,53.525818,-2.539568,1,117
#oseg4000000009526832,53.52572,-2.539494,1,117
#oseg4000000009526833,53.525653,-2.53938,1,117
#osgb4000000009526096,53.525507,-2.538955,0,[117 119]
#osgb4000000009526086,53.525741,-2.54143,0,[115 123]
#oseg4000000009526834,53.525741,-2.541239,1,115
#oseg4000000009526835,53.525782,-2.540948,1,115
#oseg4000000009526836,53.525846,-2.540512,1,115
#oseg4000000009526837,53.52585,-2.540476,1,115
#oseg4000000009526838,53.525699,-2.538791,1,119
#oseg4000000009526839,53.525904,-2.538585,1,119
#oseg4000000009526840,53.526014,-2.538484,1,119
#oseg4000000009526841,53.526065,-2.538452,1,119
#oseg4000000009526842,53.526115,-2.53844,1,119
#oseg4000000009526843,53.524673,-2.538013,1,122
#oseg4000000009526844,53.524686,-2.537909,1,122
#oseg4000000009526845,53.524674,-2.537752,1,122
#osgb4000000009526102,53.524632,-2.53762,0,[122]
#oseg4000000009526846,53.526063,-2.541434,1,123
#osgb4000000009526109,53.526134,-2.54139,0,[123]
#oseg4000000009526847,53.525502,-2.538939,1,117
#oseg4000000009526848,53.525416,-2.538699,1,117
#oseg4000000009526849,53.525312,-2.538392,1,117
#osgb4000000009688564,53.525389,-2.536661,0,[117]
#oseg4000000009688850,53.52539,-2.536657,1,117
#oseg4000000009688851,53.525433,-2.536564,1,117
#oseg4000000009688852,53.525499,-2.536472,1,117
#oseg4000000009688853,53.525549,-2.536394,1,117
#oseg4000000009688854,53.525575,-2.536304,1,117
#osgb4000000009526094,53.525603,-2.536125,0,[117  51]
#osgb4000000009526088,53.525791,-2.542141,0,[115]
#oseg4000000009526855,53.525739,-2.541679,1,115
#oseg4000000009526856,53.525741,-2.541447,1,115
#oseg4000000009526857,53.515407,-2.547842,1,101
#osgb4000000009046312,53.51539,-2.547977,0,[101]
#osgb4000000009652894,53.526099,-2.540465,0,[124]
#osgb4000000009526113,53.525957,-2.542097,0,[115]
#osgb4000000009526087,53.525802,-2.542278,0,[115]
#osgb4000000009526112,53.525969,-2.542259,0,[115]
#osgb4000000009526100,53.525016,-2.539,0,[118]
#osgb4000000009526092,53.525005,-2.53911,0,[118]
#osgb4000000009526103,53.524545,-2.53762,0,[122]
#osgb4000000009526106,53.526015,-2.542082,0,[115]
#osgb4000000009526107,53.526181,-2.541477,0,[123]
#osgb4000000009526108,53.526155,-2.541289,0,[123]
#osgb4000000009526099,53.525002,-2.539216,0,[118]
#osgb4000000009526101,53.524676,-2.537503,0,[122]
#osgb4000000009526089,53.523641,-2.535874,0,[121]
#osgb4000000009526104,53.523699,-2.535802,0,[121]
#osgb4000000009526105,53.523583,-2.535963,0,[121]
#oseg4000000009526858,53.526031,-2.539553,1,117
#oseg4000000009526859,53.526087,-2.539547,1,117
#osgb4000000009652895,53.526124,-2.539554,0,[117]
#osgb4000000009652896,53.524918,-2.536552,0,[116]
#osgb4000000009526110,53.526173,-2.540487,0,[124]
#osgb4000000009652897,53.526114,-2.540293,0,[124]
#osgb4000000009652898,53.526104,-2.537306,0,[120]
#osgb4000000009652899,53.526151,-2.539397,0,[117]
#osgb4000000009526090,53.52481,-2.536418,0,[116]
#osgb4000000009526116,53.526232,-2.53725,0,[120]
#osgb4000000009647273,53.526195,-2.539587,0,[117]
#osgb4000000009663626,53.520547,-2.543436,0,[125]
#osgb4000000009663625,53.520552,-2.543629,0,[125]
#osgb4000000009663624,53.520476,-2.543442,0,[125]
#oseg4000000009526860,53.525311,-2.537048,1,117
#oseg4000000009526861,53.525344,-2.536853,1,117
#osgb4000000009716037,53.52456,-2.55225,0,[126]
#oseg4000000009716862,53.524615,-2.552394,1,126
#oseg4000000009716863,53.524671,-2.552428,1,126
#osgb4000000009048103,53.524305,-2.552301,0,[110]
#osgb4000000009048107,53.524492,-2.549032,0,[112]
#osgb4000000009048210,53.524095,-2.547314,0,[114]
#osgb4000000009047877,53.523898,-2.550802,0,[ 14 135]
#oseg4000000009047864,53.52388,-2.550787,1,14
#oseg4000000009047865,53.523863,-2.550726,1,14
#osgb5000005181120497,53.523659,-2.549759,0,[14]
#oseg4000000009046866,53.523047,-2.546192,1,127
#oseg5000005181120867,53.523599,-2.549471,1,14
#osgb4000000009046428,53.523093,-2.542791,0,[128]
#oseg4000000009046868,53.523063,-2.542805,1,128
#oseg4000000009047869,53.529149,-2.54464,1,51
#oseg4000000009047870,53.529077,-2.544548,1,51
#osgb4000000009048259,53.527362,-2.555645,0,[129]
#osgb4000000009047883,53.527354,-2.555599,0,[129]
#osgb4000000009048115,53.528276,-2.543741,0,[51]
#osgb4000000009048116,53.528307,-2.543616,0,[51]
#oseg4000000009047871,53.527986,-2.543358,1,51
#oseg4000000009047872,53.528004,-2.543403,1,51
#oseg4000000009047873,53.528031,-2.543449,1,51
#oseg4000000009048874,53.528076,-2.543329,1,51
#oseg4000000009048875,53.528022,-2.543283,1,51
#oseg4000000009048876,53.528933,-2.544547,1,51
#oseg4000000009048877,53.529094,-2.544745,1,51
#osgb4000000009048246,53.527323,-2.555375,0,[129]
#oseg4000000009048878,53.530947,-2.542596,1,130
#osgb5000005223876141,53.531042,-2.542597,0,[130]
#osgb5000005241646848,53.513209,-2.552484,0,[42]
#oseg5000005241646879,53.51323,-2.552579,1,42
#oseg5000005241646880,53.5133,-2.552896,1,42
#oseg5000005241646881,53.513361,-2.553274,1,42
#osgb5000005241646823,53.513371,-2.553339,0,[ 42 133]
#osgb5000005156842939,53.513011,-2.549973,0,[42]
#oseg5000005156842882,53.51301,-2.54998,1,42
#osgb5000005241646844,53.513011,-2.5507,0,[ 42 134]
#osgb5000005246821529,53.531081,-2.548989,0,[ 49 138]
#osgb5000005246821528,53.531321,-2.549043,0,[49]
#oseg4000000009046883,53.513816,-2.546238,1,13
#oseg4000000009046884,53.513789,-2.546177,1,13
#osgb5000005252739646,53.513655,-2.545851,0,[13]
#osgb4000000009046443,53.520132,-2.543873,0,[131]
#oseg4000000009048885,53.527676,-2.548211,1,12
#oseg4000000009048886,53.527703,-2.548181,1,12
#oseg4000000009048887,53.527785,-2.548062,1,12
#oseg4000000009048888,53.527813,-2.548002,1,12
#oseg4000000009048889,53.528702,-2.546082,1,12
#oseg4000000009048890,53.528965,-2.545497,1,12
#oseg4000000009048891,53.529129,-2.545107,1,12
#oseg4000000009048892,53.529274,-2.544792,1,12
#oseg4000000009048893,53.529346,-2.544632,1,12
#oseg4000000009048894,53.529383,-2.544552,1,12
#oseg4000000009048895,53.529937,-2.543277,1,12
#osgb5000005253041737,53.530004,-2.543137,0,[12]
#oseg4000000009047896,53.523747,-2.556366,1,132
#oseg4000000009047897,53.524269,-2.55411,1,132
#oseg4000000009047898,53.524296,-2.554096,1,132
#oseg4000000009047899,53.524323,-2.554096,1,132
#oseg4000000009047900,53.524332,-2.554111,1,132
#oseg4000000009047901,53.52452,-2.554415,1,132
#oseg4000000009047902,53.524538,-2.554431,1,132
#oseg4000000009047903,53.524573,-2.554446,1,132
#oseg4000000009047904,53.524627,-2.554447,1,132
#oseg4000000009666905,53.523089,-2.536961,1,29
#oseg4000000009666906,53.523359,-2.536948,1,29
#osgb5000005253041734,53.523429,-2.536944,0,[29]
#osgb5000005253041732,53.531029,-2.544127,0,[43]
#oseg5000005253041907,53.53103,-2.544128,1,43
#oseg5000005253041908,53.531135,-2.544575,1,43
#oseg5000005253041909,53.531197,-2.544877,1,43
#oseg5000005253041910,53.531303,-2.545346,1,43
#oseg5000005253041911,53.531409,-2.545634,1,43
#oseg5000005253041912,53.531411,-2.545638,1,43
#oseg5000005241646913,53.513396,-2.553501,1,42
#oseg5000005241646914,53.513422,-2.553803,1,42
#oseg5000005241646915,53.51342,-2.55424,1,42
#osgb4000000009046279,53.513419,-2.554436,0,[42]
#osgb5000005250604995,53.530951,-2.54896,0,[49]
#osgb4000000009526220,53.530885,-2.548946,0,[ 49 145]
#osgb5000005250604992,53.530616,-2.548886,0,[49]
#osgb5000005252643097,53.513078,-2.548445,0,[42]
#oseg5000005252643916,53.513078,-2.548505,1,42
#oseg5000005252643917,53.513066,-2.548973,1,42
#oseg5000005185199918,53.531021,-2.544091,1,43
#oseg5000005253041919,53.523433,-2.536944,1,29
#oseg4000000009047920,53.524489,-2.545515,1,38
#oseg4000000009047921,53.524801,-2.545439,1,38
#oseg4000000009047922,53.525074,-2.545372,1,38
#oseg4000000009047923,53.525443,-2.545271,1,38
#oseg4000000009047924,53.525523,-2.545272,1,38
#oseg4000000009047925,53.525541,-2.545287,1,38
#oseg4000000009047926,53.525577,-2.545348,1,38
#oseg4000000009047927,53.525586,-2.545439,1,38
#osgb5000005241646851,53.513592,-2.553292,0,[133]
#osgb5000005241646847,53.513798,-2.553248,0,[133 137]
#oseg5000005241646928,53.513101,-2.550702,1,134
#oseg5000005241646929,53.513942,-2.550718,1,134
#osgb5000005247249142,53.514065,-2.550694,0,[134 133 140]
#osgb5000005247249145,53.514197,-2.552245,0,[133]
#osgb5000005247249144,53.513728,-2.552363,0,[133]
#osgb5000005247249146,53.514003,-2.549822,0,[133]
#osgb5000005250547299,53.514225,-2.553103,0,[133]
#oseg5000005250547930,53.514238,-2.553086,1,133
#oseg5000005250547931,53.514254,-2.553038,1,133
#oseg5000005250547932,53.514261,-2.552988,1,133
#oseg5000005250547933,53.514265,-2.552927,1,133
#oseg5000005250547934,53.514261,-2.552873,1,133
#oseg5000005241646935,53.513799,-2.553248,1,133
#oseg5000005241646936,53.514095,-2.553171,1,133
#oseg5000005241646937,53.514165,-2.553153,1,133
#oseg5000005241646938,53.51421,-2.553123,1,133
#osgb5000005251995957,53.514132,-2.551477,0,[133 143]
#osgb5000005254512832,53.514141,-2.551589,0,[133]
#oseg4000000009047939,53.524589,-2.551113,1,2
#oseg4000000009047940,53.524646,-2.551329,1,2
#oseg4000000009048941,53.524072,-2.54818,1,12
#oseg4000000009048942,53.524117,-2.54818,1,12
#oseg4000000009048943,53.524217,-2.548184,1,12
#oseg4000000009047944,53.523573,-2.549357,1,14
#oseg4000000009047945,53.523489,-2.549007,1,14
#oseg4000000009047946,53.523484,-2.548987,1,14
#oseg4000000009047947,53.523251,-2.547943,1,14
#oseg4000000009047948,53.523079,-2.547171,1,14
#oseg4000000009047949,53.523044,-2.54703,1,14
#oseg4000000009047950,53.525192,-2.540969,1,21
#oseg4000000009047951,53.525267,-2.540457,1,21
#oseg4000000009047952,53.525276,-2.540291,1,21
#oseg4000000009047953,53.525277,-2.540246,1,21
#oseg4000000009047954,53.525259,-2.54017,1,21
#oseg4000000009047955,53.525232,-2.54011,1,21
#oseg4000000009047956,53.525196,-2.540079,1,21
#oseg4000000009047957,53.525143,-2.540063,1,21
#oseg4000000009047958,53.524729,-2.540103,1,21
#oseg4000000009047959,53.524423,-2.54016,1,21
#oseg4000000009047960,53.524342,-2.540189,1,21
#oseg4000000009047961,53.524315,-2.540234,1,21
#oseg4000000009047962,53.524068,-2.541131,1,21
#oseg4000000009047963,53.52405,-2.541196,1,21
#oseg4000000009047964,53.523995,-2.541346,1,21
#oseg4000000009047965,53.523968,-2.541406,1,21
#oseg4000000009047966,53.524873,-2.546281,1,73
#oseg4000000009047967,53.52417,-2.546461,1,73
#oseg4000000009047968,53.524134,-2.546461,1,73
#oseg4000000009047969,53.524107,-2.546461,1,73
#oseg4000000009047970,53.524089,-2.54643,1,73
#oseg4000000009047971,53.524062,-2.546385,1,73
#oseg4000000009047972,53.524053,-2.546354,1,73
#oseg4000000009047973,53.523925,-2.550818,1,135
#oseg4000000009047974,53.523988,-2.550788,1,135
#oseg4000000009047975,53.524088,-2.550724,1,135
#oseg4000000009047976,53.524248,-2.550621,1,135
#osgb4000000009048105,53.524849,-2.550784,0,[136]
#oseg4000000009048977,53.524759,-2.550832,1,136
#oseg4000000009047978,53.523914,-2.544957,1,73
#osgb4000000009048113,53.52389,-2.544723,0,[73]
#oseg4000000009526979,53.526577,-2.538481,1,51
#oseg4000000009526980,53.526583,-2.53811,1,51
#oseg4000000009526981,53.526584,-2.537756,1,51
#oseg4000000009526982,53.526579,-2.537566,1,51
#oseg4000000009526983,53.526574,-2.537343,1,51
#oseg4000000009526984,53.52655,-2.537272,1,51
#oseg4000000009526985,53.526478,-2.537057,1,51
#oseg4000000009526986,53.52631,-2.53676,1,51
#oseg4000000009526987,53.526145,-2.536529,1,51
#oseg4000000009526988,53.525927,-2.536322,1,51
#oseg4000000009526989,53.525688,-2.536173,1,51
#oseg4000000009047990,53.523907,-2.549228,1,93
#oseg4000000009046991,53.522963,-2.54355,1,2
#osgb4000000009047514,53.528638,-2.563747,0,[2]
#oseg4000000009047992,53.5287,-2.563883,1,2
#osgb5000005252305800,53.528929,-2.564422,0,[2]
#osgb5000005266231267,53.524162,-2.55785,0,[39  4]
#oseg5000005266231993,53.524162,-2.557804,1,39
#oseg5000005266231994,53.524146,-2.557367,1,39
#oseg5000005266231995,53.524147,-2.557216,1,39
#oseg4000000009048996,53.53131,-2.557491,1,28
#osgb4000000009048250,53.531248,-2.557267,0,[28]
#osgb5000005176878910,53.513023,-2.549773,0,[42]
#oseg4000000009688997,53.51317,-2.547983,1,42
#oseg4000000009688998,53.513122,-2.548221,1,42
#oseg4000000009047999,53.524171,-2.55791,1,4
#oseg4000000009041000,53.523675,-2.556259,1,132
#oseg4000000009041001,53.52364,-2.556123,1,132
#oseg4000000009041002,53.523578,-2.555851,1,132
#oseg4000000009041003,53.523578,-2.555791,1,132
#oseg4000000009041004,53.523579,-2.555715,1,132
#oseg4000000009041005,53.523579,-2.55561,1,132
#oseg4000000009041006,53.523607,-2.555444,1,132
#oseg4000000009041007,53.523653,-2.555203,1,132
#oseg4000000009041008,53.523699,-2.555038,1,132
#oseg4000000009041009,53.523717,-2.554986,1,132
#oseg4000000009041010,53.523735,-2.554933,1,132
#oseg4000000009041011,53.52379,-2.554798,1,132
#oseg4000000009041012,53.523817,-2.554738,1,132
#oseg4000000009521013,53.530818,-2.55273,1,56
#oseg4000000009521014,53.530903,-2.553116,1,56
#oseg4000000009521015,53.53097,-2.55345,1,56
#oseg4000000009521016,53.531022,-2.553763,1,56
#oseg4000000009521017,53.531064,-2.554048,1,56
#oseg4000000009521018,53.531058,-2.554204,1,56
#oseg4000000009521019,53.531055,-2.554229,1,56
#oseg4000000009521020,53.531046,-2.554289,1,56
#oseg4000000009521021,53.531027,-2.55434,1,56
#oseg4000000009521022,53.530999,-2.554391,1,56
#oseg4000000009521023,53.530988,-2.554406,1,56
#oseg4000000009521024,53.530964,-2.554439,1,56
#osgb5000005253575799,53.530885,-2.554491,0,[56 28]
#oseg5000005253571025,53.530874,-2.554498,1,28
#osgb5000005266240143,53.51442,-2.555153,0,[137]
#oseg5000005266241026,53.51441,-2.554855,1,137
#osgb5000005266240142,53.514369,-2.554244,0,[137]
#osgb5000005265575613,53.531729,-2.54825,0,[138]
#osgb5000005265575612,53.531791,-2.548415,0,[138]
#osgb5000005265575611,53.531842,-2.548136,0,[138]
#osgb5000005273615087,53.531308,-2.547158,0,[138]
#osgb5000005273615090,53.531266,-2.547012,0,[138]
#osgb5000005273615088,53.530855,-2.547584,0,[138]
#oseg5000005273611027,53.530855,-2.547584,1,138
#oseg5000005273611028,53.530865,-2.547548,1,138
#oseg5000005273611029,53.530877,-2.547516,1,138
#oseg5000005273611030,53.530882,-2.547506,1,138
#oseg5000005273611031,53.530897,-2.547478,1,138
#oseg5000005273611032,53.530918,-2.547446,1,138
#oseg5000005273611033,53.530934,-2.54743,1,138
#oseg5000005273611034,53.530953,-2.547413,1,138
#oseg5000005273611035,53.531008,-2.547384,1,138
#oseg5000005273611036,53.531047,-2.547363,1,138
#oseg5000005273611037,53.531059,-2.547355,1,138
#oseg5000005273611038,53.531085,-2.547331,1,138
#oseg5000005273611039,53.531112,-2.547311,1,138
#oseg5000005273611040,53.53114,-2.547295,1,138
#oseg5000005273611041,53.531166,-2.547284,1,138
#oseg5000005273611042,53.531307,-2.54716,1,138
#osgb5000005273061598,53.514,-2.555293,0,[137]
#oseg5000005273061043,53.513978,-2.555248,1,137
#oseg5000005273061044,53.513959,-2.555111,1,137
#oseg5000005273061045,53.51394,-2.554862,1,137
#oseg5000005273061046,53.513921,-2.554497,1,137
#oseg5000005273061047,53.513858,-2.55408,1,137
#oseg5000005273061048,53.513835,-2.553707,1,137
#osgb5000005273615089,53.530766,-2.547791,0,[138]
#oseg4000000009661049,53.517055,-2.546855,1,13
#osgb4000000009046254,53.51659,-2.546937,0,[13]
#oseg5000005246821050,53.531394,-2.549059,1,49
#oseg5000005246821051,53.531591,-2.549122,1,49
#oseg5000005246821052,53.531817,-2.549161,1,49
#oseg4000000009041053,53.522624,-2.537285,1,2
#oseg4000000009041054,53.522626,-2.537413,1,2
#osgb5000005251995960,53.514411,-2.549747,0,[133]
#oseg4000000009041055,53.516409,-2.546966,1,13
#oseg4000000009041056,53.520539,-2.544303,1,13
#oseg4000000009041057,53.520172,-2.544368,1,13
#oseg4000000009041058,53.529521,-2.55166,1,45
#oseg4000000009041059,53.52968,-2.551604,1,45
#oseg4000000009041060,53.530305,-2.548816,1,49
#oseg4000000009041061,53.530421,-2.548842,1,49
#oseg4000000009521062,53.525548,-2.536095,1,51
#oseg4000000009521063,53.52524,-2.535903,1,51
#oseg4000000009521064,53.524927,-2.535712,1,51
#oseg4000000009521065,53.524661,-2.535535,1,51
#oseg4000000009521066,53.524518,-2.53544,1,51
#oseg4000000009521067,53.52438,-2.535349,1,51
#oseg4000000009521068,53.524309,-2.535302,1,51
#oseg4000000009521069,53.524036,-2.535139,1,51
#oseg4000000009521070,53.523851,-2.535043,1,51
#oseg4000000009521071,53.523477,-2.534865,1,51
#oseg4000000009521072,53.523292,-2.534835,1,51
#osgb5000005181120522,53.528332,-2.561824,0,[139]
#oseg5000005181121073,53.528416,-2.562293,1,139
#oseg5000005181121074,53.528419,-2.562311,1,139
#osgb5000005247249148,53.514544,-2.550583,0,[140]
#oseg5000005273061075,53.513919,-2.555381,1,137
#oseg5000005273061076,53.513834,-2.555428,1,137
#osgb5000005273061599,53.513507,-2.555606,0,[137]
#oseg5000005273611077,53.531459,-2.547567,1,138
#oseg5000005273611078,53.53153,-2.547723,1,138
#oseg5000005273611079,53.531554,-2.547776,1,138
#osgb5000005157325551,53.522009,-2.544418,0,[141]
#oseg5000005157321080,53.521971,-2.544444,1,141
#oseg5000005157321081,53.52188,-2.544505,1,141
#oseg5000005157321082,53.521869,-2.544456,1,141
#oseg4000000009521083,53.524689,-2.538238,1,118
#oseg4000000009521084,53.524671,-2.538285,1,118
#oseg4000000009521085,53.524645,-2.538352,1,118
#oseg4000000009521086,53.524625,-2.538525,1,118
#oseg4000000009521087,53.524607,-2.538869,1,118
#oseg4000000009521088,53.52463,-2.539124,1,118
#oseg4000000009521089,53.524631,-2.539137,1,118
#oseg4000000009521090,53.524697,-2.539114,1,118
#oseg4000000009521091,53.524728,-2.53911,1,118
#oseg4000000009521092,53.524814,-2.539094,1,118
#oseg5000005119351093,53.522597,-2.545956,1,142
#oseg5000005119351094,53.522468,-2.54599,1,142
#oseg5000005119351095,53.522305,-2.546099,1,142
#oseg5000005119351096,53.5223,-2.546103,1,142
#oseg5000005119351097,53.522296,-2.546107,1,142
#oseg5000005119351098,53.522291,-2.546112,1,142
#oseg5000005119351099,53.522286,-2.546117,1,142
#oseg5000005119351100,53.522282,-2.546123,1,142
#oseg5000005119351101,53.522278,-2.546128,1,142
#oseg5000005119351102,53.522273,-2.546134,1,142
#oseg5000005119351103,53.522269,-2.546141,1,142
#oseg5000005119351104,53.522265,-2.546147,1,142
#oseg5000005119351105,53.522262,-2.546154,1,142
#oseg5000005119351106,53.522258,-2.546161,1,142
#oseg5000005119351107,53.522255,-2.546168,1,142
#oseg5000005119351108,53.522251,-2.546176,1,142
#oseg5000005119351109,53.522248,-2.546185,1,142
#oseg5000005119351110,53.522245,-2.546194,1,142
#oseg5000005119351111,53.522242,-2.546203,1,142
#oseg5000005119351112,53.52224,-2.546212,1,142
#oseg5000005119351113,53.522237,-2.546222,1,142
#oseg5000005119351114,53.522235,-2.546231,1,142
#oseg5000005119351115,53.522233,-2.546241,1,142
#oseg5000005119351116,53.522232,-2.546251,1,142
#oseg5000005119351117,53.522231,-2.546261,1,142
#oseg5000005119351118,53.52223,-2.546271,1,142
#oseg5000005119351119,53.522229,-2.546281,1,142
#oseg5000005119351120,53.522228,-2.546291,1,142
#oseg5000005119351121,53.522228,-2.546307,1,142
#oseg5000005119351122,53.522228,-2.546318,1,142
#oseg5000005119351123,53.522228,-2.546328,1,142
#oseg5000005119351124,53.522229,-2.546338,1,142
#oseg5000005119351125,53.522229,-2.546348,1,142
#oseg5000005119351126,53.52223,-2.546358,1,142
#oseg5000005119351127,53.522232,-2.546368,1,142
#oseg5000005119351128,53.522233,-2.546378,1,142
#oseg5000005119351129,53.522235,-2.546388,1,142
#oseg5000005119351130,53.522237,-2.546398,1,142
#oseg5000005119351131,53.522239,-2.546407,1,142
#oseg5000005119351132,53.522242,-2.546416,1,142
#oseg5000005119351133,53.522247,-2.546433,1,142
#oseg5000005119351134,53.522248,-2.546439,1,142
#oseg5000005119351135,53.522249,-2.546443,1,142
#oseg5000005119351136,53.52225,-2.546446,1,142
#oseg5000005119351137,53.522251,-2.54645,1,142
#oseg5000005119351138,53.522252,-2.546453,1,142
#oseg5000005119351139,53.522252,-2.546457,1,142
#oseg5000005119351140,53.522253,-2.546461,1,142
#oseg5000005119351141,53.522254,-2.546465,1,142
#oseg5000005119351142,53.522254,-2.546469,1,142
#oseg5000005119351143,53.522254,-2.546472,1,142
#oseg5000005119351144,53.522255,-2.546476,1,142
#oseg5000005119351145,53.522255,-2.54648,1,142
#oseg5000005119351146,53.522255,-2.546484,1,142
#oseg5000005119351147,53.522255,-2.546488,1,142
#oseg5000005119351148,53.522255,-2.546492,1,142
#oseg5000005119351149,53.522254,-2.546499,1,142
#oseg5000005119351150,53.522254,-2.546503,1,142
#oseg5000005119351151,53.522254,-2.546507,1,142
#oseg5000005119351152,53.522253,-2.546511,1,142
#oseg5000005119351153,53.522252,-2.546514,1,142
#oseg5000005119351154,53.522252,-2.546518,1,142
#oseg5000005119351155,53.522251,-2.546522,1,142
#oseg5000005119351156,53.52225,-2.546525,1,142
#oseg5000005119351157,53.522249,-2.546529,1,142
#oseg5000005119351158,53.522248,-2.546532,1,142
#oseg5000005119351159,53.522246,-2.546536,1,142
#oseg5000005119351160,53.522245,-2.546539,1,142
#oseg5000005119351161,53.522244,-2.546542,1,142
#oseg5000005119351162,53.522242,-2.546545,1,142
#oseg5000005119351163,53.522241,-2.546548,1,142
#oseg5000005119351164,53.522239,-2.546551,1,142
#oseg5000005119351165,53.522238,-2.546554,1,142
#oseg5000005119351166,53.522236,-2.546557,1,142
#oseg5000005119351167,53.522234,-2.546559,1,142
#oseg5000005119351168,53.522232,-2.546562,1,142
#oseg5000005119351169,53.52223,-2.546564,1,142
#oseg5000005119351170,53.522228,-2.546566,1,142
#oseg5000005119351171,53.522226,-2.546568,1,142
#oseg5000005119351172,53.522224,-2.54657,1,142
#oseg5000005119351173,53.522222,-2.546572,1,142
#oseg5000005119351174,53.52222,-2.546574,1,142
#oseg5000005119351175,53.522218,-2.546575,1,142
#oseg5000005119351176,53.522216,-2.546576,1,142
#oseg5000005119351177,53.522213,-2.546578,1,142
#osgb5000005119359243,53.522141,-2.546629,0,[142]
#oseg5000005247241178,53.51386,-2.54985,1,133
#oseg5000005247241179,53.513743,-2.549874,1,133
#osgb5000005247249147,53.513441,-2.549867,0,[133]
#osgb5000005251995961,53.513738,-2.551583,0,[143]
#oseg5000005246821180,53.531126,-2.548523,1,138
#oseg5000005246821181,53.531126,-2.548421,1,138
#oseg5000005246821182,53.531112,-2.548332,1,138
#oseg5000005246821183,53.531094,-2.54827,1,138
#oseg5000005246821184,53.531004,-2.548018,1,138
#oseg5000005246821185,53.530989,-2.547977,1,138
#oseg5000005246821186,53.530952,-2.547871,1,138
#oseg5000005246821187,53.530922,-2.547792,1,138
#oseg5000005246821188,53.530876,-2.54771,1,138
#oseg5000005246821189,53.530857,-2.547656,1,138
#oseg4000000009041190,53.514253,-2.546878,1,144
#osgb4000000009046441,53.514241,-2.546944,0,[144]
#oseg4000000009041191,53.52782,-2.548273,1,49
#oseg4000000009041192,53.527897,-2.54829,1,49
#oseg4000000009041193,53.528661,-2.548451,1,49
#oseg4000000009521194,53.530868,-2.549122,1,145
#oseg4000000009521195,53.530868,-2.549164,1,145
#osgb4000000009526219,53.530874,-2.549603,0,[145]
#oseg5000005176871196,53.513054,-2.549599,1,42
#oseg5000005176871197,53.513054,-2.549601,1,42
#oseg5000005176871198,53.513051,-2.54971,1,42
#oseg5000005176871199,53.51305,-2.549713,1,42
#oseg5000005241641200,53.513012,-2.551339,1,42
#oseg5000005241641201,53.513019,-2.551418,1,42
#oseg5000005241641202,53.513028,-2.551506,1,42
#oseg5000005241641203,53.513036,-2.551626,1,42
#oseg5000005241641204,53.513089,-2.551883,1,42
#oseg5000005241641205,53.513124,-2.55208,1,42
#oseg5000005266241206,53.514104,-2.5553,1,137
#oseg5000005266241207,53.514048,-2.555315,1,137
#oseg5000005266241208,53.514003,-2.555299,1,137
#oseg4000000009041209,53.513391,-2.554541,1,42
#oseg4000000009041210,53.513363,-2.554588,1,42
#oseg4000000009041211,53.513301,-2.554691,1,42
#oseg4000000009041212,53.513102,-2.55499,1,42
#oseg4000000009041213,53.513011,-2.55514,1,42
#oseg4000000009041214,53.512875,-2.555394,1,42
#oseg4000000009041215,53.512779,-2.555649,1,42
#oseg4000000009041216,53.512757,-2.555709,1,42
#oseg4000000009041217,53.512713,-2.555825,1,42
#oseg4000000009041218,53.512593,-2.556144,1,42
#osgb4000000009046278,53.512529,-2.556309,0,[42]
#oseg5000005176871219,53.513004,-2.549579,1,42
#oseg5000005176871220,53.513003,-2.54958,1,42
#osgb5000005283384951,53.513,-2.549635,0,[42]
#oseg4000000009041221,53.526601,-2.55129,1,26
#oseg4000000009041222,53.526565,-2.55141,1,26
#oseg4000000009041223,53.526547,-2.55147,1,26
#oseg4000000009041224,53.526546,-2.551576,1,26
#oseg4000000009041225,53.526555,-2.551696,1,26
#oseg4000000009041226,53.526607,-2.552059,1,26
#oseg4000000009041227,53.526659,-2.552473,1,26
#oseg4000000009041228,53.528598,-2.55624,1,5
#osgb4000000009047700,53.532367,-2.56099,0,[28]
#oseg4000000009041229,53.532268,-2.560678,1,28
#osgb4000000009048261,53.533008,-2.55949,0,[76]
#oseg4000000009041230,53.532987,-2.559426,1,76
#oseg4000000009041231,53.525059,-2.552522,1,2
#oseg4000000009041232,53.525163,-2.5528,1,2
#oseg4000000009041233,53.525502,-2.553712,1,2
#oseg4000000009041234,53.526856,-2.558458,1,2
#oseg4000000009041235,53.52688,-2.558549,1,2
#oseg4000000009041236,53.526908,-2.558653,1,2
#oseg4000000009041237,53.524007,-2.552568,1,91
#oseg4000000009041238,53.524034,-2.552569,1,91
#oseg4000000009041239,53.524052,-2.552599,1,91
#oseg4000000009041240,53.524319,-2.553146,1,91
#oseg4000000009041241,53.524354,-2.553191,1,91
#oseg4000000009041242,53.52439,-2.553192,1,91
#oseg4000000009041243,53.524579,-2.552991,1,91
#osgb4000000009047836,53.525072,-2.561256,0,[146]
#oseg4000000009041244,53.5251,-2.560863,1,146
#osgb4000000009047844,53.525604,-2.55897,0,[147]
#oseg4000000009041245,53.52547,-2.558681,1,147
#oseg4000000009041246,53.525426,-2.558621,1,147
#oseg4000000009041247,53.5254,-2.558607,1,147
#oseg4000000009041248,53.525336,-2.558574,1,147
#oseg4000000009041249,53.525066,-2.558586,1,147
#oseg4000000009041250,53.526158,-2.559596,1,52
#oseg4000000009041251,53.526384,-2.559433,1,52
#oseg4000000009041252,53.526557,-2.559307,1,52
#osgb4000000009047881,53.52801,-2.557689,0,[148]
#oseg4000000009041253,53.527898,-2.556902,1,148
#osgb4000000009047891,53.528441,-2.557725,0,[149]
#oseg4000000009041254,53.528309,-2.556751,1,149
#oseg4000000009041255,53.525376,-2.553974,1,109
#oseg4000000009041256,53.525313,-2.554003,1,109
#oseg4000000009041257,53.525274,-2.554013,1,109
#oseg4000000009041258,53.525196,-2.554032,1,109
#oseg4000000009041259,53.527475,-2.55766,1,11
#oseg5000005283381260,53.512997,-2.549699,1,42
#oseg5000005283381261,53.513,-2.549708,1,42
#oseg4000000009041262,53.526863,-2.55689,1,5
#oseg4000000009041263,53.526832,-2.556903,1,5
